year,species,sex,age,quantity,value,se,lwr,upr
1977,Arrowtooth flounder,NA,NA,biomass,2219335.0388774406,265001.9706912656,1756241.6758622741,2804538.8527583224
1978,Arrowtooth flounder,NA,NA,biomass,2207611.4522174136,266558.2259645656,1742385.4594693268,2797055.2081201356
1979,Arrowtooth flounder,NA,NA,biomass,2197729.3011806966,271016.9189757997,1725864.7474799645,2798605.2141807657
1980,Arrowtooth flounder,NA,NA,biomass,2190305.276712253,277940.4500900425,1708011.4734760583,2808785.1163142575
1981,Arrowtooth flounder,NA,NA,biomass,2185230.0299485163,285822.52971437055,1691072.2512227173,2823788.4456658144
1982,Arrowtooth flounder,NA,NA,biomass,2184133.4556196174,293220.844774447,1678823.3549426894,2841537.1622702596
1983,Arrowtooth flounder,NA,NA,biomass,2188971.3335182853,298971.2266861817,1674874.9051904248,2860867.6887543686
1984,Arrowtooth flounder,NA,NA,biomass,2193468.358415105,302252.8757181564,1674320.2991380817,2873586.040762365
1985,Arrowtooth flounder,NA,NA,biomass,2203704.66399704,303111.78026815504,1682959.3644344062,2885580.215868357
1986,Arrowtooth flounder,NA,NA,biomass,2218214.219047189,301512.4209554312,1699430.000448914,2895367.458667528
1987,Arrowtooth flounder,NA,NA,biomass,2235583.9346113685,297729.93275028205,1721987.180195696,2902365.119886941
1988,Arrowtooth flounder,NA,NA,biomass,2253371.933594317,292828.1821126261,1746699.9028546042,2907016.2898688023
1989,Arrowtooth flounder,NA,NA,biomass,2271951.9116508313,287648.5500705377,1772677.5182577206,2911846.8732694886
1990,Arrowtooth flounder,NA,NA,biomass,2288999.806840965,282807.7629829125,1796714.7052072906,2916166.991082468
1991,Arrowtooth flounder,NA,NA,biomass,2297925.815506758,279095.1466528883,1811144.539292423,2915539.284145358
1992,Arrowtooth flounder,NA,NA,biomass,2293789.840363642,275631.5426809827,1812464.9935889714,2902937.0776077188
1993,Arrowtooth flounder,NA,NA,biomass,2276174.718122965,270492.14527013083,1803233.4996571897,2873156.1100695496
1994,Arrowtooth flounder,NA,NA,biomass,2250181.1033542305,263680.01645961415,1788431.2130967686,2831148.864330684
1995,Arrowtooth flounder,NA,NA,biomass,2215269.3125059544,257947.36754605008,1763242.6507626567,2783177.984498044
1996,Arrowtooth flounder,NA,NA,biomass,2187789.3821733207,255386.23207102314,1740373.989978738,2750226.3354377053
1997,Arrowtooth flounder,NA,NA,biomass,2169541.2325501773,258227.12035921527,1718124.5178569292,2739562.3022750565
1998,Arrowtooth flounder,NA,NA,biomass,2184030.6316306386,267576.3462546847,1717804.883420165,2776793.7126851287
1999,Arrowtooth flounder,NA,NA,biomass,2230762.9283291795,281292.85769758996,1742285.5152870307,2856192.741513993
2000,Arrowtooth flounder,NA,NA,biomass,2319471.9685380193,301166.20870937523,1798319.8152384893,2991653.746594656
2001,Arrowtooth flounder,NA,NA,biomass,2417843.328354449,319831.67217675253,1865655.4550746302,3133465.155405268
2002,Arrowtooth flounder,NA,NA,biomass,2503788.369514843,330336.5577821754,1933279.2994112915,3242654.1789521957
2003,Arrowtooth flounder,NA,NA,biomass,2552921.644370338,330785.4196075618,1980369.278259496,3291006.881313854
2004,Arrowtooth flounder,NA,NA,biomass,2558101.389805137,324156.7269886008,1995517.087738167,3279291.7488570265
2005,Arrowtooth flounder,NA,NA,biomass,2554963.9591875393,314779.3891238015,2006846.4278294062,3252785.436007549
2006,Arrowtooth flounder,NA,NA,biomass,2533393.1452391357,305858.00367383234,1999569.6756628703,3209731.026860566
2007,Arrowtooth flounder,NA,NA,biomass,2487703.44063868,296004.6645929416,1970228.4580959636,3141091.7770146686
2008,Arrowtooth flounder,NA,NA,biomass,2426679.9259525267,284287.04465382535,1928828.9405832093,3053031.473719176
2009,Arrowtooth flounder,NA,NA,biomass,2340720.79863845,269495.8703744241,1867874.1946224382,2933267.065283333
2010,Arrowtooth flounder,NA,NA,biomass,2238997.082238277,251536.70050549565,1796497.3999209632,2790489.9469891028
2011,Arrowtooth flounder,NA,NA,biomass,2126276.721001247,232472.6891014032,1716149.7264228405,2634416.231091644
2012,Arrowtooth flounder,NA,NA,biomass,2008259.9197377425,215291.65606295096,1627677.9891739215,2477829.111194112
2013,Arrowtooth flounder,NA,NA,biomass,1915852.2363687172,202787.47822866807,1556914.4954185332,2357541.0225802474
2014,Arrowtooth flounder,NA,NA,biomass,1839325.463102308,195080.19374653976,1494099.5315904766,2264319.1351617505
2015,Arrowtooth flounder,NA,NA,biomass,1764915.400070413,191512.63143278364,1426787.2242380453,2183175.1199406707
2016,Arrowtooth flounder,NA,NA,biomass,1729582.2445881881,192307.4125595122,1390908.301886978,2150720.3147298433
2017,Arrowtooth flounder,NA,NA,biomass,1720023.8522679058,198264.60482991402,1372200.9854391336,2156012.190461846
2018,Arrowtooth flounder,NA,NA,biomass,1735262.9917354349,210056.08420386145,1368756.302549836,2199907.788462568
2019,Arrowtooth flounder,NA,NA,biomass,1782947.4768625137,225119.81886211777,1392077.831859489,2283566.0711615123
2020,Arrowtooth flounder,NA,NA,biomass,1831548.0375196955,239699.6697135848,1417161.2027936296,2367104.1848516874
2021,Arrowtooth flounder,NA,NA,biomass,1876435.1176478965,251042.53333356223,1443623.3333615204,2439007.924971332
2022,Arrowtooth flounder,NA,NA,biomass,1918200.652328008,258564.0412064523,1472842.2727117403,2498226.5995238256
2023,Arrowtooth flounder,NA,NA,biomass,1943816.4818111742,263573.0384254368,1490170.7785134646,2535563.419603473
2024,Arrowtooth flounder,NA,NA,biomass,1962768.8057134862,267705.41782028903,1502354.086542197,2564283.2266983986
2025,Arrowtooth flounder,NA,NA,biomass,1966267.6092695612,271502.00976917736,1500060.6267672281,2577368.0358471125
2026,Arrowtooth flounder,NA,NA,biomass,1973697.002951952,275698.2094602306,1500995.4762280467,2595264.223747516
2027,Arrowtooth flounder,NA,NA,biomass,1980281.7882964504,280549.27163937804,1500154.8434435308,2614074.125879525
2028,Arrowtooth flounder,NA,NA,biomass,2008237.9806752729,284414.44131419173,1521474.6363840057,2650730.8702902417
2029,Arrowtooth flounder,NA,NA,biomass,2037028.1124341763,285457.4128730569,1547798.887624428,2680893.211659944
2030,Arrowtooth flounder,NA,NA,biomass,2065178.4868668,283489.90682299336,1578018.096583228,2702733.3792001978
2031,Arrowtooth flounder,NA,NA,biomass,2091322.6125281511,279465.56115605636,1609437.4697556968,2717490.024844188
2032,Arrowtooth flounder,NA,NA,biomass,2114541.533337397,274584.280456746,1639393.6417510228,2727402.2433276726
2033,Arrowtooth flounder,NA,NA,biomass,2134461.869642319,269741.5785255719,1666165.8187954207,2734378.188271053
2034,Arrowtooth flounder,NA,NA,biomass,2151033.3929047757,265442.3049287633,1688911.8732095147,2739601.000375845
2035,Arrowtooth flounder,NA,NA,biomass,2164547.447194563,261850.72825190204,1707635.3104945435,2743715.606231882
2036,Arrowtooth flounder,NA,NA,biomass,2175392.2297107866,258954.0730029161,1722710.6881678144,2747026.175427712
2037,Arrowtooth flounder,NA,NA,biomass,2183962.709096261,256660.60078323403,1734648.5813965949,2749659.594384768
2038,Arrowtooth flounder,NA,NA,biomass,2190630.078016353,254867.60402557458,1743959.8789827684,2751703.291195583
2039,Arrowtooth flounder,NA,NA,biomass,2195706.2992124525,253478.3733993388,1751092.9553032604,2753209.7241327255
2040,Arrowtooth flounder,NA,NA,biomass,2199554.1379754734,252399.9731874836,1756543.2160327851,2754295.1188026625
2041,Arrowtooth flounder,NA,NA,biomass,2202463.57262192,251554.57972957363,1760713.4084625882,2755045.63400931
2042,Arrowtooth flounder,NA,NA,biomass,2204664.1306255674,250889.55326545946,1763908.9895023487,2755552.558433471
2043,Arrowtooth flounder,NA,NA,biomass,2206329.6024837703,250360.05326345755,1766369.3929438926,2755873.337843109
2044,Arrowtooth flounder,NA,NA,biomass,2207573.293907732,249943.54795375187,1768240.2954948768,2756061.9789013057
2045,Arrowtooth flounder,NA,NA,biomass,2208484.7062483164,249618.62933640086,1769642.5465045173,2756152.482526365
2046,Arrowtooth flounder,NA,NA,biomass,2209176.212112957,249363.92773209,1770719.4812631398,2756201.4129331657
2047,Arrowtooth flounder,NA,NA,biomass,2209688.167429122,249159.94416779935,1771541.1106127165,2756200.1062382925
2048,Arrowtooth flounder,NA,NA,biomass,2210054.741811025,249006.11784262882,1772141.6877111522,2756180.273660777
2049,Arrowtooth flounder,NA,NA,biomass,2210317.3005532697,248890.14937623192,1772580.9848340212,2756151.9676250825
2050,Arrowtooth flounder,NA,NA,biomass,2210505.4124159007,248802.7984845071,1772902.4438672545,2756121.2943343744
1977,Arrowtooth flounder,NA,NA,ssb,832088.3582700264,60421.79037044214,721705.0738816422,959354.5355648356
1978,Arrowtooth flounder,NA,NA,ssb,825211.0024974847,60396.59205838611,714934.391365827,952497.4695117923
1979,Arrowtooth flounder,NA,NA,ssb,820028.1114909265,60368.33146759124,709848.2279593142,947309.6883942883
1980,Arrowtooth flounder,NA,NA,ssb,816295.1265028318,60334.894862654444,706207.4059760576,943543.961609013
1981,Arrowtooth flounder,NA,NA,ssb,812954.0466250236,60313.59204615462,702934.4018601818,940193.3952514924
1982,Arrowtooth flounder,NA,NA,ssb,810097.21859339,60765.73564840257,699339.6512151451,938395.9602926257
1983,Arrowtooth flounder,NA,NA,ssb,808961.0005334291,63826.218704153325,693056.4816926749,944249.0152977724
1984,Arrowtooth flounder,NA,NA,ssb,806424.0058419798,69870.78113509473,680476.32210181,955683.0356559083
1985,Arrowtooth flounder,NA,NA,ssb,806877.6137239726,75565.68111700789,671569.496645458,969447.6696469187
1986,Arrowtooth flounder,NA,NA,ssb,809925.8480200843,79495.26798251263,668188.0871500002,981729.384145384
1987,Arrowtooth flounder,NA,NA,ssb,814323.9867478884,81709.17868199463,668940.913565414,991303.6292825438
1988,Arrowtooth flounder,NA,NA,ssb,816737.7799589905,82420.2631932527,670169.2648358224,995361.3754217104
1989,Arrowtooth flounder,NA,NA,ssb,819483.4923954908,81750.36260930961,673946.9387527868,996448.1707588042
1990,Arrowtooth flounder,NA,NA,ssb,824657.105381345,79749.9872224535,682270.1788021588,996759.5867225192
1991,Arrowtooth flounder,NA,NA,ssb,827531.3394434225,76589.31355549156,690246.8321884939,992120.6238495503
1992,Arrowtooth flounder,NA,NA,ssb,825354.8777418121,72512.50648963249,694796.1881270766,980446.7638898587
1993,Arrowtooth flounder,NA,NA,ssb,822266.2341919891,67899.48918076571,699396.7408806009,966721.3476588103
1994,Arrowtooth flounder,NA,NA,ssb,822981.6401528977,63864.431365364275,706863.9196774324,958174.2131326078
1995,Arrowtooth flounder,NA,NA,ssb,819253.6392961481,61284.490397271264,707528.628523396,948621.0146728902
1996,Arrowtooth flounder,NA,NA,ssb,816856.6695816328,59955.7287943877,707406.8845048771,943240.493209247
1997,Arrowtooth flounder,NA,NA,ssb,810478.9419041342,59271.676804039234,702250.3216770408,935387.4181237296
1998,Arrowtooth flounder,NA,NA,ssb,805124.1308892877,58839.5292442653,697679.4261696022,929115.639397757
1999,Arrowtooth flounder,NA,NA,ssb,795752.0876351412,58454.48526614782,689048.9675680784,918978.7878364724
2000,Arrowtooth flounder,NA,NA,ssb,782144.7117062644,58488.52154979074,675514.296502549,905606.8142708313
2001,Arrowtooth flounder,NA,NA,ssb,768841.8586023636,59365.65907051931,660863.8674749593,894462.2828264005
2002,Arrowtooth flounder,NA,NA,ssb,770047.770396001,61054.82737648464,659216.9961055812,899511.9546293985
2003,Arrowtooth flounder,NA,NA,ssb,785292.9337100551,63352.96110539739,670442.5932364111,919817.7412297709
2004,Arrowtooth flounder,NA,NA,ssb,810998.41678315,66021.86742892998,691393.4764123479,951293.9512210739
2005,Arrowtooth flounder,NA,NA,ssb,861010.2037006296,68310.07508273092,737015.1480206873,1005866.1248246041
2006,Arrowtooth flounder,NA,NA,ssb,912072.2056826735,70160.72767274895,784424.1230652662,1060492.2565718223
2007,Arrowtooth flounder,NA,NA,ssb,937075.780759849,70588.57543604562,808453.2685901893,1086161.752327333
2008,Arrowtooth flounder,NA,NA,ssb,934094.8463726653,68419.55716833085,809176.1929748724,1078298.1377790845
2009,Arrowtooth flounder,NA,NA,ssb,913451.5566687993,65678.15422545798,793383.5823090352,1051690.210115342
2010,Arrowtooth flounder,NA,NA,ssb,893498.5172743782,63509.45279617199,777303.8741989972,1027062.4229091782
2011,Arrowtooth flounder,NA,NA,ssb,875052.9426145998,61909.15956722067,761750.299647903,1005208.2063274548
2012,Arrowtooth flounder,NA,NA,ssb,849386.997108577,60352.5998998894,738965.3537812359,976308.6552914468
2013,Arrowtooth flounder,NA,NA,ssb,822394.8727933756,58018.033831358654,716193.0743619659,944344.9692659441
2014,Arrowtooth flounder,NA,NA,ssb,784086.3404279716,54708.6756643424,683868.0754732266,898991.210871048
2015,Arrowtooth flounder,NA,NA,ssb,727905.4397240124,50981.83566445009,634537.9222492253,835011.2902656468
2016,Arrowtooth flounder,NA,NA,ssb,684593.9660338828,47468.74042109398,597601.9442907019,784249.2863477332
2017,Arrowtooth flounder,NA,NA,ssb,647203.2707316926,44643.15175101472,565361.256978872,740892.780457104
2018,Arrowtooth flounder,NA,NA,ssb,615593.672267675,42819.17533202519,537138.9800301335,705507.4820947503
2019,Arrowtooth flounder,NA,NA,ssb,600944.1288586387,42135.30521204568,523783.6622749714,689471.3829773536
2020,Arrowtooth flounder,NA,NA,ssb,588820.7495681961,42421.65192572232,511279.2911095595,678122.273189738
2021,Arrowtooth flounder,NA,NA,ssb,586009.1808751234,43445.84859571175,506754.48884546227,677659.0392959638
2022,Arrowtooth flounder,NA,NA,ssb,602759.7453516497,45438.30729842612,519968.9996083638,698732.6376957749
2023,Arrowtooth flounder,NA,NA,ssb,630668.6436085551,48661.029399148625,542156.1236028553,733631.7357957432
2024,Arrowtooth flounder,NA,NA,ssb,666473.6794987983,52933.304606048914,570398.0953541213,778731.8525124134
2025,Arrowtooth flounder,NA,NA,ssb,690553.9116175825,57142.942841873235,587166.3340834865,812145.8557304498
2026,Arrowtooth flounder,NA,NA,ssb,706471.9858813381,60441.61223310429,597408.1159471569,835446.7465575396
2027,Arrowtooth flounder,NA,NA,ssb,709458.7863318515,63127.39958492565,595919.4358459916,844630.5645139982
2028,Arrowtooth flounder,NA,NA,ssb,719840.5833386712,65886.6797930198,601625.5051157451,861284.0729245165
2029,Arrowtooth flounder,NA,NA,ssb,728569.9079523182,69026.11404068251,605099.4506952513,877234.4945343311
2030,Arrowtooth flounder,NA,NA,ssb,737171.3038396494,72340.29627448595,608188.3235323046,893508.6554251875
2031,Arrowtooth flounder,NA,NA,ssb,745562.5551297298,75341.98376788177,611599.153137086,908869.021090647
2032,Arrowtooth flounder,NA,NA,ssb,755031.6962345483,77538.76210003941,617376.5926867763,923379.4560268405
2033,Arrowtooth flounder,NA,NA,ssb,766399.7313056418,77264.42595610555,628986.9590772757,933832.6330438232
2034,Arrowtooth flounder,NA,NA,ssb,778110.4299161751,73406.9460613493,646753.6289850966,936146.0284257445
2035,Arrowtooth flounder,NA,NA,ssb,788630.0052547872,68237.4963751269,665612.8476744343,934382.9335042642
2036,Arrowtooth flounder,NA,NA,ssb,797459.3398526657,63511.67358961986,682207.8471883562,932181.3012547593
2037,Arrowtooth flounder,NA,NA,ssb,804630.5369976993,59729.49681197683,695680.684749597,930642.9160128856
2038,Arrowtooth flounder,NA,NA,ssb,810325.0556259572,56896.94247808572,706142.2291665354,929878.8100383559
2039,Arrowtooth flounder,NA,NA,ssb,814728.563898012,54856.79037184352,714003.5591550834,929662.9187910567
2040,Arrowtooth flounder,NA,NA,ssb,818113.7430285505,53431.36559746493,719815.7481386533,929835.3061362304
2041,Arrowtooth flounder,NA,NA,ssb,820706.8771877586,52452.327735141705,724080.4061054875,930227.8760532511
2042,Arrowtooth flounder,NA,NA,ssb,822692.1361614397,51788.780121595904,727200.0297935613,930723.7667385832
2043,Arrowtooth flounder,NA,NA,ssb,824211.5358136967,51339.58159374361,729487.6061482022,931235.3630725844
2044,Arrowtooth flounder,NA,NA,ssb,825356.5902652921,51035.1312052543,731153.2155864213,931697.3331615331
2045,Arrowtooth flounder,NA,NA,ssb,826201.7524647895,50825.48194197579,732356.7974884737,932072.0967113464
2046,Arrowtooth flounder,NA,NA,ssb,826848.5110764196,50685.10869842292,733243.1591563987,932403.4622510069
2047,Arrowtooth flounder,NA,NA,ssb,827330.4286544473,50578.1326599255,733907.8364727269,932645.2235027838
2048,Arrowtooth flounder,NA,NA,ssb,827677.0103352226,50506.79477348977,734376.1691020515,932831.5136847189
2049,Arrowtooth flounder,NA,NA,ssb,827926.2622133977,50458.55434330816,734707.6738216741,932972.2828361549
2050,Arrowtooth flounder,NA,NA,ssb,828105.5172122044,50425.55930503351,734943.1391589068,933077.2832604398
1977,Arrowtooth flounder,NA,NA,R,2447114.319118408,971113.7308788848,1124250.6056795667,5326542.374611041
1978,Arrowtooth flounder,NA,NA,R,2459841.2367638918,978553.6152626761,1127948.180102513,5364447.602135586
1979,Arrowtooth flounder,NA,NA,R,2471901.6870110123,984585.6925991328,1132369.6882152504,5396027.475689887
1980,Arrowtooth flounder,NA,NA,R,2501339.5696248584,995975.6312025142,1146156.3456462163,5458853.555483724
1981,Arrowtooth flounder,NA,NA,R,2529669.099437047,1004849.7807363736,1161300.2484967697,5510397.299001728
1982,Arrowtooth flounder,NA,NA,R,2563753.585416106,1013312.6754610916,1181523.868453351,5563012.836412661
1983,Arrowtooth flounder,NA,NA,R,2554296.4544385723,998264.4541825656,1187426.148307336,5494598.873755628
1984,Arrowtooth flounder,NA,NA,R,2534024.483130792,976711.8222761942,1190486.7019856896,5393827.6424220465
1985,Arrowtooth flounder,NA,NA,R,2670287.960457123,1007908.028928898,1274293.8190943634,5595599.448822445
1986,Arrowtooth flounder,NA,NA,R,2626755.986435528,974542.5036540964,1269459.2450509672,5435264.69177659
1987,Arrowtooth flounder,NA,NA,R,2713783.91557946,986214.3326561864,1331192.006121897,5532352.287716043
1988,Arrowtooth flounder,NA,NA,R,2812335.0542529784,1019862.0883068128,1381618.9124690176,5724609.286974753
1989,Arrowtooth flounder,NA,NA,R,2609388.2166703003,961757.5153751572,1267086.7602742105,5373670.595235566
1990,Arrowtooth flounder,NA,NA,R,2560883.0285342685,938360.2055109154,1248797.4171864183,5251549.847540942
1991,Arrowtooth flounder,NA,NA,R,2755472.65220661,965097.0394656586,1386963.4175866733,5474282.479829037
1992,Arrowtooth flounder,NA,NA,R,2529392.312306572,874590.5021228582,1284385.481855077,4981234.652633275
1993,Arrowtooth flounder,NA,NA,R,2240270.6618687366,781823.3237392727,1130428.2016504041,4439744.718950223
1994,Arrowtooth flounder,NA,NA,R,2258329.072426649,800287.9981744874,1127575.0438293489,4523025.076936043
1995,Arrowtooth flounder,NA,NA,R,2487633.4458749373,890142.8104153436,1233682.3647740562,5016137.328159808
1996,Arrowtooth flounder,NA,NA,R,2497242.2674787114,909213.1657722283,1223346.140318505,5097673.288819622
1997,Arrowtooth flounder,NA,NA,R,2905701.1353897415,1054760.8031795595,1426485.4101493238,5918812.087479675
1998,Arrowtooth flounder,NA,NA,R,3298334.9506277507,1165598.720566707,1650017.723833219,6593270.659698816
1999,Arrowtooth flounder,NA,NA,R,3348547.478937525,1157616.5936931728,1700552.5442098805,6593604.094667127
2000,Arrowtooth flounder,NA,NA,R,4576746.708311399,1524821.3883812756,2382124.937586902,8793245.938333623
2001,Arrowtooth flounder,NA,NA,R,2858313.841575353,1000261.1646431207,1439572.8552070989,5675265.40069825
2002,Arrowtooth flounder,NA,NA,R,2708725.4992742417,950766.3472209729,1361419.8944953938,5389368.746618772
2003,Arrowtooth flounder,NA,NA,R,2649632.1496202038,923400.1516148117,1338260.8449955878,5246025.50732487
2004,Arrowtooth flounder,NA,NA,R,2659319.876379868,939815.2496715079,1330308.1126436868,5316048.318201313
2005,Arrowtooth flounder,NA,NA,R,2764500.6251775203,967947.8951339354,1391814.6507727858,5491006.796316977
2006,Arrowtooth flounder,NA,NA,R,2747516.08437692,960295.0288019363,1384948.0487730573,5450633.791352325
2007,Arrowtooth flounder,NA,NA,R,2153378.2400358566,760813.8928099031,1077409.4743429467,4303876.989282842
2008,Arrowtooth flounder,NA,NA,R,2127008.871436942,746487.5103939752,1069140.098761085,4231593.917779387
2009,Arrowtooth flounder,NA,NA,R,1744105.6772162546,617899.6168427346,870983.9630486123,3492492.1035867464
2010,Arrowtooth flounder,NA,NA,R,1607646.9312736152,565065.1887318731,807244.9864467545,3201665.7879905566
2011,Arrowtooth flounder,NA,NA,R,1757323.498587237,585121.7348054518,915027.2984885381,3374965.843956806
2012,Arrowtooth flounder,NA,NA,R,1827945.618923405,606996.2223248474,953474.9382042671,3504428.9596476313
2013,Arrowtooth flounder,NA,NA,R,2043347.1830619932,671524.9296640662,1073009.5199292197,3891174.8991777813
2014,Arrowtooth flounder,NA,NA,R,1862585.3373351088,630417.0619839556,959435.0224044917,3615903.1699315435
2015,Arrowtooth flounder,NA,NA,R,1919742.0178051372,648265.9543731122,990389.0301244517,3721173.501349704
2016,Arrowtooth flounder,NA,NA,R,2218064.7210934223,751243.5586700549,1142031.2648900643,4307947.827884413
2017,Arrowtooth flounder,NA,NA,R,2576293.020589577,863070.803314056,1336098.767274456,4967660.992217027
2018,Arrowtooth flounder,NA,NA,R,2807066.414936748,958142.6261461299,1437838.3067245025,5480186.347111709
2019,Arrowtooth flounder,NA,NA,R,2551111.1877030316,882507.9216828179,1295008.3260294949,5025580.269416236
2020,Arrowtooth flounder,NA,NA,R,2345799.595984194,840717.5957576608,1162054.335300511,4735385.925905583
2021,Arrowtooth flounder,NA,NA,R,2219298.53763427,810280.1173683362,1085017.1156915876,4539362.492919058
2022,Arrowtooth flounder,NA,NA,R,2206991.968978962,833562.4908837347,1052710.6514280841,4626925.304241949
2023,Arrowtooth flounder,NA,NA,R,2300380.263992833,870017.8556717875,1096150.0655858645,4827577.468728628
2024,Arrowtooth flounder,NA,NA,R,2338910.680047214,900082.5094649135,1100134.8552925398,4972575.082883138
2025,Arrowtooth flounder,NA,NA,R,2272017.9243588503,879526.6276353813,1063900.376494906,4852019.571244707
2026,Arrowtooth flounder,NA,NA,R,2409705.2904169727,952870.7866322154,1110127.710146148,5230641.063719678
2027,Arrowtooth flounder,NA,NA,R,2492595.5268022944,696592.769840904,1441354.8771122096,4310550.13508039
2028,Arrowtooth flounder,NA,NA,R,2492595.5268022944,696592.769840904,1441354.8771122096,4310550.13508039
2029,Arrowtooth flounder,NA,NA,R,2492595.5268022944,696592.769840904,1441354.8771122096,4310550.13508039
2030,Arrowtooth flounder,NA,NA,R,2492595.5268022944,696592.769840904,1441354.8771122096,4310550.13508039
2031,Arrowtooth flounder,NA,NA,R,2492595.5268022944,696592.769840904,1441354.8771122096,4310550.13508039
2032,Arrowtooth flounder,NA,NA,R,2492595.5268022944,696592.769840904,1441354.8771122096,4310550.13508039
2033,Arrowtooth flounder,NA,NA,R,2492595.5268022944,696592.769840904,1441354.8771122096,4310550.13508039
2034,Arrowtooth flounder,NA,NA,R,2492595.5268022944,696592.769840904,1441354.8771122096,4310550.13508039
2035,Arrowtooth flounder,NA,NA,R,2492595.5268022944,696592.769840904,1441354.8771122096,4310550.13508039
2036,Arrowtooth flounder,NA,NA,R,2492595.5268022944,696592.769840904,1441354.8771122096,4310550.13508039
2037,Arrowtooth flounder,NA,NA,R,2492595.5268022944,696592.769840904,1441354.8771122096,4310550.13508039
2038,Arrowtooth flounder,NA,NA,R,2492595.5268022944,696592.769840904,1441354.8771122096,4310550.13508039
2039,Arrowtooth flounder,NA,NA,R,2492595.5268022944,696592.769840904,1441354.8771122096,4310550.13508039
2040,Arrowtooth flounder,NA,NA,R,2492595.5268022944,696592.769840904,1441354.8771122096,4310550.13508039
2041,Arrowtooth flounder,NA,NA,R,2492595.5268022944,696592.769840904,1441354.8771122096,4310550.13508039
2042,Arrowtooth flounder,NA,NA,R,2492595.5268022944,696592.769840904,1441354.8771122096,4310550.13508039
2043,Arrowtooth flounder,NA,NA,R,2492595.5268022944,696592.769840904,1441354.8771122096,4310550.13508039
2044,Arrowtooth flounder,NA,NA,R,2492595.5268022944,696592.769840904,1441354.8771122096,4310550.13508039
2045,Arrowtooth flounder,NA,NA,R,2492595.5268022944,696592.769840904,1441354.8771122096,4310550.13508039
2046,Arrowtooth flounder,NA,NA,R,2492595.5268022944,696592.769840904,1441354.8771122096,4310550.13508039
2047,Arrowtooth flounder,NA,NA,R,2492595.5268022944,696592.769840904,1441354.8771122096,4310550.13508039
2048,Arrowtooth flounder,NA,NA,R,2492595.5268022944,696592.769840904,1441354.8771122096,4310550.13508039
2049,Arrowtooth flounder,NA,NA,R,2492595.5268022944,696592.769840904,1441354.8771122096,4310550.13508039
2050,Arrowtooth flounder,NA,NA,R,2492595.5268022944,696592.769840904,1441354.8771122096,4310550.13508039
1977,Arrowtooth flounder,NA,NA,biomass_depletion,1.0037779340273998,0.03955601677475563,0.9291679618038945,1.0843789091524527
1978,Arrowtooth flounder,NA,NA,biomass_depletion,0.9984755000141264,0.04018160129776346,0.9227468053851545,1.0804191554067006
1979,Arrowtooth flounder,NA,NA,biomass_depletion,0.994005924678444,0.043472406151771205,0.9123512109287114,1.0829686709026045
1980,Arrowtooth flounder,NA,NA,biomass_depletion,0.9906481297477281,0.04870334254779917,0.8996461157795745,1.090855281603999
1981,Arrowtooth flounder,NA,NA,biomass_depletion,0.9883526580762855,0.054130028410284206,0.8877555350080497,1.1003490693162519
1982,Arrowtooth flounder,NA,NA,biomass_depletion,0.9878566909982699,0.05854617053441862,0.8795221055216138,1.1095353213110002
1983,Arrowtooth flounder,NA,NA,biomass_depletion,0.9900448036523458,0.06145419683265652,0.8766352900714484,1.1181260032996432
1984,Arrowtooth flounder,NA,NA,biomass_depletion,0.9920787526871353,0.06280154197653655,0.8763196572830432,1.1231292637948531
1985,Arrowtooth flounder,NA,NA,biomass_depletion,0.996708507766524,0.06254664045419907,0.8813584068657385,1.1271553566805705
1986,Arrowtooth flounder,NA,NA,biomass_depletion,1.0032710010074104,0.060812404880906244,0.8908886239030024,1.1298300084388575
1987,Arrowtooth flounder,NA,NA,biomass_depletion,1.0111271096607817,0.05769675082063139,0.9041378431840841,1.1307767279052032
1988,Arrowtooth flounder,NA,NA,biomass_depletion,1.0191724027584013,0.05330485644520774,0.9198733299294266,1.1291906752248417
1989,Arrowtooth flounder,NA,NA,biomass_depletion,1.0275758982474263,0.048247161072333525,0.9372338134670051,1.126626260690474
1990,Arrowtooth flounder,NA,NA,biomass_depletion,1.0352864515049118,0.04359143084176239,0.9532792027548936,1.124348494724496
1991,Arrowtooth flounder,NA,NA,biomass_depletion,1.0393235754094632,0.040218785575810406,0.9634113669113079,1.1212173029108066
1992,Arrowtooth flounder,NA,NA,biomass_depletion,1.0374529247363473,0.03836500338547027,0.9649192509658289,1.1154390069082754
1993,Arrowtooth flounder,NA,NA,biomass_depletion,1.0294858216623877,0.03763556232405605,0.9583021405808583,1.1059571007130142
1994,Arrowtooth flounder,NA,NA,biomass_depletion,1.0177292294969875,0.03747999816082921,0.9468582737219324,1.093904772570759
1995,Arrowtooth flounder,NA,NA,biomass_depletion,1.0019390560094348,0.03753650547798559,0.9310049920185277,1.078277646804604
1996,Arrowtooth flounder,NA,NA,biomass_depletion,0.9895102216003409,0.037762892349105924,0.9181966341517663,1.0663625221803172
1997,Arrowtooth flounder,NA,NA,biomass_depletion,0.9812568080293071,0.038218675548068314,0.9091373300459694,1.0590973348934847
1998,Arrowtooth flounder,NA,NA,biomass_depletion,0.9878101849730788,0.039198571697973875,0.9138940965842768,1.0677046335932485
1999,Arrowtooth flounder,NA,NA,biomass_depletion,1.008946627831271,0.04096122769131913,0.931775103896249,1.0925096555546545
2000,Arrowtooth flounder,NA,NA,biomass_depletion,1.04906863534728,0.04325949280880168,0.9676174148501696,1.1373761827548525
2001,Arrowtooth flounder,NA,NA,biomass_depletion,1.0935607911481215,0.045976263207042276,1.007061765696739,1.1874894318017675
2002,Arrowtooth flounder,NA,NA,biomass_depletion,1.132432675899473,0.04760349877576579,1.0428716563583909,1.2296851272407512
2003,Arrowtooth flounder,NA,NA,biomass_depletion,1.154655051639278,0.047419224161855816,1.0653571506078876,1.2514378746276495
2004,Arrowtooth flounder,NA,NA,biomass_depletion,1.1569977867740149,0.04611777635386351,1.0700492058368958,1.2510115154498924
2005,Arrowtooth flounder,NA,NA,biomass_depletion,1.1555787655048875,0.04450256586433605,1.0715658811025335,1.2461784262035724
2006,Arrowtooth flounder,NA,NA,biomass_depletion,1.1458225517376457,0.043447326830348965,1.0637546835907243,1.2342218937535665
2007,Arrowtooth flounder,NA,NA,biomass_depletion,1.125157660458605,0.042591753746591965,1.0447009055506014,1.2118107241626799
2008,Arrowtooth flounder,NA,NA,biomass_depletion,1.0975574755267525,0.04148491872731612,1.019187267550464,1.1819539455000225
2009,Arrowtooth flounder,NA,NA,biomass_depletion,1.0586792197813897,0.03972865739621741,0.9836071297093754,1.139481055539007
2010,Arrowtooth flounder,NA,NA,biomass_depletion,1.0126708343411264,0.03744428319349379,0.9418776037462155,1.0887850126665393
2011,Arrowtooth flounder,NA,NA,biomass_depletion,0.9616888017307826,0.03512891259200027,0.8952442998965812,1.0330647751471045
2012,Arrowtooth flounder,NA,NA,biomass_depletion,0.9083112544575588,0.03306653627705364,0.8457601227570709,0.9754885726756339
2013,Arrowtooth flounder,NA,NA,biomass_depletion,0.8665163961439012,0.031503970975397026,0.806918395982405,0.930516231287639
2014,Arrowtooth flounder,NA,NA,biomass_depletion,0.8319042780898405,0.03019887586533284,0.7747721009737284,0.8932494175182564
2015,Arrowtooth flounder,NA,NA,biomass_depletion,0.7982495220333671,0.02904828397891146,0.743298848850092,0.8572625941938051
2016,Arrowtooth flounder,NA,NA,biomass_depletion,0.7822687705058483,0.028566559147951944,0.7282360530692144,0.8403105376747532
2017,Arrowtooth flounder,NA,NA,biomass_depletion,0.7779456272544673,0.028451341059639087,0.7241336979471686,0.8357564365254835
2018,Arrowtooth flounder,NA,NA,biomass_depletion,0.7848381025513963,0.029051843019407837,0.7299140168608337,0.843895079403466
2019,Arrowtooth flounder,NA,NA,biomass_depletion,0.8064052085212231,0.03092066042987527,0.7480230849079534,0.8693439727333783
2020,Arrowtooth flounder,NA,NA,biomass_depletion,0.8283866441830124,0.03374898308953468,0.7648118567755834,0.8972460693194376
2021,Arrowtooth flounder,NA,NA,biomass_depletion,0.8486885182877885,0.03655038890495516,0.7799912120362956,0.9234363028182491
2022,Arrowtooth flounder,NA,NA,biomass_depletion,0.8675785557901736,0.03880212500812199,0.7947657435120731,0.9470621458101753
2023,Arrowtooth flounder,NA,NA,biomass_depletion,0.8791642803187316,0.04107532001372312,0.8022341736459676,0.9634715862022769
2024,Arrowtooth flounder,NA,NA,biomass_depletion,0.887736183252911,0.04371693571509118,0.8060577341596245,0.9776911723055096
2025,Arrowtooth flounder,NA,NA,biomass_depletion,0.8893186490562092,0.0470475368310857,0.8017267388607613,0.9864803320430569
2026,Arrowtooth flounder,NA,NA,biomass_depletion,0.892678872416337,0.050480767646556235,0.7990243622562929,0.9973107290599722
2027,Arrowtooth flounder,NA,NA,biomass_depletion,0.895657089816292,0.0539838894951264,0.7958612234530615,1.0079667144199063
2028,Arrowtooth flounder,NA,NA,biomass_depletion,0.9083013316895159,0.05594479382016662,0.8050115122982642,1.0248441128420456
2029,Arrowtooth flounder,NA,NA,biomass_depletion,0.9213227540845527,0.05531623069264237,0.8190410046343338,1.0363774370160055
2030,Arrowtooth flounder,NA,NA,biomass_depletion,0.934054822111726,0.05200320152775999,0.8374945604346551,1.041748152080375
2031,Arrowtooth flounder,NA,NA,biomass_depletion,0.9458794885021496,0.04676316016455152,0.8585259227941348,1.0421211322976265
2032,Arrowtooth flounder,NA,NA,biomass_depletion,0.9563811207262051,0.04054710035120429,0.8801225081332092,1.039247195281449
2033,Arrowtooth flounder,NA,NA,biomass_depletion,0.9653908437608126,0.03414326876253009,0.9007379773555672,1.0346843417809106
2034,Arrowtooth flounder,NA,NA,biomass_depletion,0.9728859398561229,0.02808547093324324,0.9193677519273158,1.0295195257670529
2035,Arrowtooth flounder,NA,NA,biomass_depletion,0.9789981803505543,0.022667736721839502,0.9355632478325333,1.0244496450134792
2036,Arrowtooth flounder,NA,NA,biomass_depletion,0.9839031420613455,0.01801183056019651,0.949226424937354,1.0198466535759132
2037,Arrowtooth flounder,NA,NA,biomass_depletion,0.9877794644464177,0.014128110666040573,0.9604734022925534,1.0158618323559345
2038,Arrowtooth flounder,NA,NA,biomass_depletion,0.9907950333816037,0.010963350167926706,0.9695385935401356,1.0125175054550473
2039,Arrowtooth flounder,NA,NA,biomass_depletion,0.9930909457768157,0.008434038496312985,0.9766973516871659,1.0097597017952984
2040,Arrowtooth flounder,NA,NA,biomass_depletion,0.9948312759101016,0.00644102169804098,0.9822868664686151,1.0075358852011507
2041,Arrowtooth flounder,NA,NA,biomass_depletion,0.9961471774064683,0.004888277752285309,0.9866122555505823,1.0057742476563019
2042,Arrowtooth flounder,NA,NA,biomass_depletion,0.9971424627184714,0.0036901115366283154,0.9899361430830255,1.0044012413362984
2043,Arrowtooth flounder,NA,NA,biomass_depletion,0.9978957351499531,0.0027726787187598466,0.9924761551156294,1.003344909696545
2044,Arrowtooth flounder,NA,NA,biomass_depletion,0.9984582414801119,0.0020764811761906843,0.9943966964413055,1.0025363756207941
2045,Arrowtooth flounder,NA,NA,biomass_depletion,0.9988704620688256,0.0015513891177664685,0.9958344186343204,1.0019157616201748
2046,Arrowtooth flounder,NA,NA,biomass_depletion,0.9991832216639375,0.0011602818381733157,0.9969116969902762,1.0014599221464078
2047,Arrowtooth flounder,NA,NA,biomass_depletion,0.9994147727549499,8.364179709046943e-4,0.9977767674406972,1.001055467108973
2048,Arrowtooth flounder,NA,NA,biomass_depletion,0.9995805698379897,6.033231428789909e-4,0.9983987773677742,1.0007637611815556
2049,Arrowtooth flounder,NA,NA,biomass_depletion,0.9996993219268968,4.3543953381341174e-4,0.9988462403139386,1.0005531321287098
2050,Arrowtooth flounder,NA,NA,biomass_depletion,0.9997844026080603,3.144430207025188e-4,0.9991682955252154,1.0004008895948107
1977,Arrowtooth flounder,NA,NA,ssb_depletion,1.0042528815244063,0.03998848925402012,0.9288572397145889,1.0857684119036026
1978,Arrowtooth flounder,NA,NA,ssb_depletion,0.9959525558640366,0.039990442536607634,0.9205775708688035,1.0774990885297933
1979,Arrowtooth flounder,NA,NA,ssb_depletion,0.9896972908116755,0.03997945548875402,0.914360697612442,1.0712410649294313
1980,Arrowtooth flounder,NA,NA,ssb_depletion,0.9851919268155062,0.039893054928356604,0.9100251989210358,1.0665673146339658
1981,Arrowtooth flounder,NA,NA,ssb_depletion,0.9811595556600342,0.03957644531926949,0.9065781153623561,1.0618765855363919
1982,Arrowtooth flounder,NA,NA,ssb_depletion,0.9777116312247583,0.03950092986298088,0.9032771788607996,1.0582798461019138
1983,Arrowtooth flounder,NA,NA,ssb_depletion,0.9763403222172292,0.04370990692694106,0.8943215031869085,1.0658811416144836
1984,Arrowtooth flounder,NA,NA,ssb_depletion,0.973278406731959,0.052969570313757,0.8748053136344747,1.0828361948044871
1985,Arrowtooth flounder,NA,NA,ssb_depletion,0.97382586905137,0.06118151951176302,0.8610012369321004,1.1014349138599937
1986,Arrowtooth flounder,NA,NA,ssb_depletion,0.9775048029590577,0.0664991133234457,0.8554844657433592,1.1169292699870905
1987,Arrowtooth flounder,NA,NA,ssb_depletion,0.9828129453538441,0.06938591956342556,0.8558085546638957,1.1286651439637074
1988,Arrowtooth flounder,NA,NA,ssb_depletion,0.9857261681667352,0.07041452780909659,0.8569419682773595,1.133864502589266
1989,Arrowtooth flounder,NA,NA,ssb_depletion,0.9890399864635392,0.06982363965205647,0.861234154731345,1.1358120082092416
1990,Arrowtooth flounder,NA,NA,ssb_depletion,0.9952840538120337,0.06765180646893487,0.8711418297958725,1.137117187914891
1991,Arrowtooth flounder,NA,NA,ssb_depletion,0.998752985699289,0.06415588397730494,0.8806033214727963,1.1327546718480774
1992,Arrowtooth flounder,NA,NA,ssb_depletion,0.9961261998373717,0.0595705889646223,0.8859528196226119,1.1200002799529645
1993,Arrowtooth flounder,NA,NA,ssb_depletion,0.9923984957370999,0.05403294169373975,0.8919507614519587,1.104158230369204
1994,Arrowtooth flounder,NA,NA,ssb_depletion,0.9932619238701361,0.04884226271405244,0.9020012610648932,1.0937559535620502
1995,Arrowtooth flounder,NA,NA,ssb_depletion,0.9887625752546837,0.045437653353553806,0.903599234548605,1.0819524772092817
1996,Arrowtooth flounder,NA,NA,ssb_depletion,0.9858696568298504,0.04379737696254271,0.9036593990680098,1.075558978593281
1997,Arrowtooth flounder,NA,NA,ssb_depletion,0.9781723355849984,0.04327021658964915,0.896936735364808,1.066765447748827
1998,Arrowtooth flounder,NA,NA,ssb_depletion,0.9717095791502627,0.04319239825768882,0.8906368427274811,1.0601621905970207
1999,Arrowtooth flounder,NA,NA,ssb_depletion,0.9603983988528769,0.04285897607417408,0.8799651993351234,1.0481835931876424
2000,Arrowtooth flounder,NA,NA,ssb_depletion,0.9439755678509248,0.04244885840807318,0.8643383328510884,1.0309503105805171
2001,Arrowtooth flounder,NA,NA,ssb_depletion,0.9279202674380415,0.042620604465925215,0.8480351401370737,1.0153305941816413
2002,Arrowtooth flounder,NA,NA,ssb_depletion,0.9293756902685477,0.043713318181400326,0.8475296927261368,1.0191255611161703
2003,Arrowtooth flounder,NA,NA,ssb_depletion,0.9477751775769383,0.045819204184003426,0.8620945069252979,1.0419713616257091
2004,Arrowtooth flounder,NA,NA,ssb_depletion,0.9787992932138923,0.048960865870423795,0.8873917635214775,1.079622434846757
2005,Arrowtooth flounder,NA,NA,ssb_depletion,1.0391588459259191,0.051738191475150505,0.9425445037615152,1.1456765200546057
2006,Arrowtooth flounder,NA,NA,ssb_depletion,1.1007859100678639,0.05416665416068471,0.9995800269226522,1.2122387274327753
2007,Arrowtooth flounder,NA,NA,ssb_depletion,1.1309628883540048,0.054907758408933936,1.0283072265355198,1.243866640073497
2008,Arrowtooth flounder,NA,NA,ssb_depletion,1.1273651791465495,0.0520423374290677,1.0298423966684178,1.2341230573374278
2009,Arrowtooth flounder,NA,NA,ssb_depletion,1.1024506577940913,0.04879649285347844,1.0108423198745058,1.2023610695499116
2010,Arrowtooth flounder,NA,NA,ssb_depletion,1.0783692040543975,0.04684664142680009,0.9903517642183041,1.1742091873494962
2011,Arrowtooth flounder,NA,NA,ssb_depletion,1.0561071193618912,0.04600619265909406,0.9696787644687314,1.1502389125515786
2012,Arrowtooth flounder,NA,NA,ssb_depletion,1.0251307218732155,0.04539385153514726,0.9399119296821209,1.1180760279143527
2013,Arrowtooth flounder,NA,NA,ssb_depletion,0.9925537505064207,0.04369457220216816,0.9105045538632832,1.0819967274895026
2014,Arrowtooth flounder,NA,NA,ssb_depletion,0.9463189322535694,0.04058029224559306,0.8700337199035493,1.0292928895225024
2015,Arrowtooth flounder,NA,NA,ssb_depletion,0.8785138357661141,0.03708510928864589,0.808754001981492,0.9542908693392195
2016,Arrowtooth flounder,NA,NA,ssb_depletion,0.8262409349087918,0.034238695320204626,0.7617871923629032,0.8961480179280035
2017,Arrowtooth flounder,NA,NA,ssb_depletion,0.7811138602102654,0.03235477669348941,0.720205514165562,0.8471732729226541
2018,Arrowtooth flounder,NA,NA,ssb_depletion,0.7429640290945925,0.031157770777800655,0.6843383013388565,0.806612091488278
2019,Arrowtooth flounder,NA,NA,ssb_depletion,0.7252833993449723,0.030472372262810445,0.6679515858423697,0.7875361336286102
2020,Arrowtooth flounder,NA,NA,ssb_depletion,0.7106516135914103,0.030367536675302856,0.6535566466266765,0.7727344194367212
2021,Arrowtooth flounder,NA,NA,ssb_depletion,0.7072583129478435,0.0308532312409753,0.649300133012562,0.7703899873129275
2022,Arrowtooth flounder,NA,NA,ssb_depletion,0.727474678764673,0.03208658804787947,0.6672277433214914,0.7931615757002022
2023,Arrowtooth flounder,NA,NA,ssb_depletion,0.7611581105974895,0.03443407281327148,0.6965741070494473,0.8317301252876074
2024,Arrowtooth flounder,NA,NA,ssb_depletion,0.8043714425813903,0.037911937414746355,0.7333942357266164,0.8822177570013662
2025,Arrowtooth flounder,NA,NA,ssb_depletion,0.8334340322123077,0.04144379817729802,0.756038505873121,0.918752524711005
2026,Arrowtooth flounder,NA,NA,ssb_depletion,0.8526456601467877,0.04401664842788695,0.7705955344952428,0.9434321757955106
2027,Arrowtooth flounder,NA,NA,ssb_depletion,0.8562504491444402,0.04630260812713095,0.7701427455239169,0.9519856363268009
2028,Arrowtooth flounder,NA,NA,ssb_depletion,0.8687803078498022,0.04899299544802919,0.7778722696221446,0.9703125471669467
2029,Arrowtooth flounder,NA,NA,ssb_depletion,0.8793157868165348,0.052613290955332015,0.7820126474836674,0.9887260205224879
2030,Arrowtooth flounder,NA,NA,ssb_depletion,0.8896968677668122,0.05676152432465032,0.7851208120843374,1.0082021828113856
2031,Arrowtooth flounder,NA,NA,ssb_depletion,0.899824323828304,0.060641598879392494,0.7884841193781901,1.026886647243565
2032,Arrowtooth flounder,NA,NA,ssb_depletion,0.9112526921566941,0.06351915659123542,0.7948872886871815,1.0446530983458833
2033,Arrowtooth flounder,NA,NA,ssb_depletion,0.9249728480319086,0.06290273621096246,0.8095488543043111,1.0568537834958727
2034,Arrowtooth flounder,NA,NA,ssb_depletion,0.9391065667739216,0.05668116379746327,0.8343328650250116,1.0570375215070351
2035,Arrowtooth flounder,NA,NA,ssb_depletion,0.9518027110490059,0.04789592881022983,0.8624092142405846,1.0504623394567678
2036,Arrowtooth flounder,NA,NA,ssb_depletion,0.9624588927197812,0.03916689686707469,0.8886748059148456,1.04236905784876
2037,Arrowtooth flounder,NA,NA,ssb_depletion,0.9711138574543589,0.0314007290847418,0.9114791898926874,1.034650197829438
2038,Arrowtooth flounder,NA,NA,ssb_depletion,0.9779866092294373,0.024813066947615994,0.9305432840723784,1.0278488106929349
2039,Arrowtooth flounder,NA,NA,ssb_depletion,0.9833012321622971,0.019383253487263302,0.9460352858849025,1.022035147734992
2040,Arrowtooth flounder,NA,NA,ssb_depletion,0.9873868269943021,0.015000241631749095,0.9584202803613331,1.0172288359281354
2041,Arrowtooth flounder,NA,NA,ssb_depletion,0.9905164975703673,0.011515559449137276,0.9682016166738078,1.0133456865416628
2042,Arrowtooth flounder,NA,NA,ssb_depletion,0.9929125196094648,0.008780569967702335,0.9758512029875612,1.0102721281471663
2043,Arrowtooth flounder,NA,NA,ssb_depletion,0.9947462929867761,0.006656629597824688,0.9817847242855151,1.0078789809355073
2044,Arrowtooth flounder,NA,NA,ssb_depletion,0.9961282666931597,0.005025044967221917,0.9863278884637148,1.006026023709683
2045,Arrowtooth flounder,NA,NA,ssb_depletion,0.9971482984791655,0.0037805818886422426,0.9897659571795104,1.00458570225361
2046,Arrowtooth flounder,NA,NA,ssb_depletion,0.997928875677398,0.0028468088385468857,0.9923648023652955,1.0035241460974074
2047,Arrowtooth flounder,NA,NA,ssb_depletion,0.9985105051541013,0.0020592921452031636,0.9944825130929306,1.0025548119516614
2048,Arrowtooth flounder,NA,NA,ssb_depletion,0.9989287968513025,0.0014901135490628836,0.9960124932392035,1.0018536393389836
2049,Arrowtooth flounder,NA,NA,ssb_depletion,0.9992296205732004,0.001078591474347815,0.9971178547749516,1.0013458588164719
2050,Arrowtooth flounder,NA,NA,ssb_depletion,0.9994459646036031,7.809535202387938e-4,0.9979164953121838,1.000977778055405
1977,Arrowtooth flounder,NA,NA,F_spp,0.0071749204083555495,NA,NA,NA
1978,Arrowtooth flounder,NA,NA,F_spp,0.0064308312228202515,NA,NA,NA
1979,Arrowtooth flounder,NA,NA,F_spp,0.005827260116909194,NA,NA,NA
1980,Arrowtooth flounder,NA,NA,F_spp,0.006060532640246589,NA,NA,NA
1981,Arrowtooth flounder,NA,NA,F_spp,0.0057624975942692025,NA,NA,NA
1982,Arrowtooth flounder,NA,NA,F_spp,0.00360503055101393,NA,NA,NA
1983,Arrowtooth flounder,NA,NA,F_spp,0.004928982679864059,NA,NA,NA
1984,Arrowtooth flounder,NA,NA,F_spp,0.0026935782620821644,NA,NA,NA
1985,Arrowtooth flounder,NA,NA,F_spp,0.0011961651496820095,NA,NA,NA
1986,Arrowtooth flounder,NA,NA,F_spp,9.445364730459707e-4,NA,NA,NA
1987,Arrowtooth flounder,NA,NA,F_spp,0.003823116591800764,NA,NA,NA
1988,Arrowtooth flounder,NA,NA,F_spp,0.0039448847802426015,NA,NA,NA
1989,Arrowtooth flounder,NA,NA,F_spp,0.001973629584535983,NA,NA,NA
1990,Arrowtooth flounder,NA,NA,F_spp,0.005855074093314867,NA,NA,NA
1991,Arrowtooth flounder,NA,NA,F_spp,0.013138724700932114,NA,NA,NA
1992,Arrowtooth flounder,NA,NA,F_spp,0.01669814403772267,NA,NA,NA
1993,Arrowtooth flounder,NA,NA,F_spp,0.014563102554567114,NA,NA,NA
1994,Arrowtooth flounder,NA,NA,F_spp,0.017524783449710157,NA,NA,NA
1995,Arrowtooth flounder,NA,NA,F_spp,0.014016247514294132,NA,NA,NA
1996,Arrowtooth flounder,NA,NA,F_spp,0.017328933635932773,NA,NA,NA
1997,Arrowtooth flounder,NA,NA,F_spp,0.012718201248065041,NA,NA,NA
1998,Arrowtooth flounder,NA,NA,F_spp,0.010153659648380947,NA,NA,NA
1999,Arrowtooth flounder,NA,NA,F_spp,0.012780383527284278,NA,NA,NA
2000,Arrowtooth flounder,NA,NA,F_spp,0.019445983135155574,NA,NA,NA
2001,Arrowtooth flounder,NA,NA,F_spp,0.016131502927673153,NA,NA,NA
2002,Arrowtooth flounder,NA,NA,F_spp,0.017000083474310545,NA,NA,NA
2003,Arrowtooth flounder,NA,NA,F_spp,0.0236834548397264,NA,NA,NA
2004,Arrowtooth flounder,NA,NA,F_spp,0.011826370417395326,NA,NA,NA
2005,Arrowtooth flounder,NA,NA,F_spp,0.014237922932544143,NA,NA,NA
2006,Arrowtooth flounder,NA,NA,F_spp,0.018992920091038354,NA,NA,NA
2007,Arrowtooth flounder,NA,NA,F_spp,0.017158069194474032,NA,NA,NA
2008,Arrowtooth flounder,NA,NA,F_spp,0.019764420948390586,NA,NA,NA
2009,Arrowtooth flounder,NA,NA,F_spp,0.01715436421524058,NA,NA,NA
2010,Arrowtooth flounder,NA,NA,F_spp,0.017286409745878938,NA,NA,NA
2011,Arrowtooth flounder,NA,NA,F_spp,0.02265711846645091,NA,NA,NA
2012,Arrowtooth flounder,NA,NA,F_spp,0.015713043731750528,NA,NA,NA
2013,Arrowtooth flounder,NA,NA,F_spp,0.017178483905866085,NA,NA,NA
2014,Arrowtooth flounder,NA,NA,F_spp,0.030401504934327344,NA,NA,NA
2015,Arrowtooth flounder,NA,NA,F_spp,0.01721766002782464,NA,NA,NA
2016,Arrowtooth flounder,NA,NA,F_spp,0.018853149645489453,NA,NA,NA
2017,Arrowtooth flounder,NA,NA,F_spp,0.02695203373758352,NA,NA,NA
2018,Arrowtooth flounder,NA,NA,F_spp,0.01960649755751872,NA,NA,NA
2019,Arrowtooth flounder,NA,NA,F_spp,0.026153893744803234,NA,NA,NA
2020,Arrowtooth flounder,NA,NA,F_spp,0.022705689556254485,NA,NA,NA
2021,Arrowtooth flounder,NA,NA,F_spp,0.010516296600768667,NA,NA,NA
2022,Arrowtooth flounder,NA,NA,F_spp,0.011823447072055378,NA,NA,NA
2023,Arrowtooth flounder,NA,NA,F_spp,0.008932536748490075,NA,NA,NA
2024,Arrowtooth flounder,NA,NA,F_spp,0.01692006437478611,NA,NA,NA
2025,Arrowtooth flounder,NA,NA,F_spp,0.012057224827678376,NA,NA,NA
2026,Arrowtooth flounder,NA,NA,F_spp,0.014872591801346573,NA,NA,NA
2027,Arrowtooth flounder,NA,NA,F_spp,0,NA,NA,NA
2028,Arrowtooth flounder,NA,NA,F_spp,0,NA,NA,NA
2029,Arrowtooth flounder,NA,NA,F_spp,0,NA,NA,NA
2030,Arrowtooth flounder,NA,NA,F_spp,0,NA,NA,NA
2031,Arrowtooth flounder,NA,NA,F_spp,0,NA,NA,NA
2032,Arrowtooth flounder,NA,NA,F_spp,0,NA,NA,NA
2033,Arrowtooth flounder,NA,NA,F_spp,0,NA,NA,NA
2034,Arrowtooth flounder,NA,NA,F_spp,0,NA,NA,NA
2035,Arrowtooth flounder,NA,NA,F_spp,0,NA,NA,NA
2036,Arrowtooth flounder,NA,NA,F_spp,0,NA,NA,NA
2037,Arrowtooth flounder,NA,NA,F_spp,0,NA,NA,NA
2038,Arrowtooth flounder,NA,NA,F_spp,0,NA,NA,NA
2039,Arrowtooth flounder,NA,NA,F_spp,0,NA,NA,NA
2040,Arrowtooth flounder,NA,NA,F_spp,0,NA,NA,NA
2041,Arrowtooth flounder,NA,NA,F_spp,0,NA,NA,NA
2042,Arrowtooth flounder,NA,NA,F_spp,0,NA,NA,NA
2043,Arrowtooth flounder,NA,NA,F_spp,0,NA,NA,NA
2044,Arrowtooth flounder,NA,NA,F_spp,0,NA,NA,NA
2045,Arrowtooth flounder,NA,NA,F_spp,0,NA,NA,NA
2046,Arrowtooth flounder,NA,NA,F_spp,0,NA,NA,NA
2047,Arrowtooth flounder,NA,NA,F_spp,0,NA,NA,NA
2048,Arrowtooth flounder,NA,NA,F_spp,0,NA,NA,NA
2049,Arrowtooth flounder,NA,NA,F_spp,0,NA,NA,NA
2050,Arrowtooth flounder,NA,NA,F_spp,0,NA,NA,NA
