obs_p_fish_norm	N	1	2	3	4	5	6	7	8	9	10	11	12	13	14	15	16	17	18	19	20	21	22	23	24	25	26
obs_p_fish_norm		0	0	0	0	0	0	0.00460829	0.00921659	0.00576037	0.016129	0.0241935	0.0437788	0.0391705	0.0403226	0.0449309	0.0506912	0.0276498	0.0172811	0.0172811	0.0207373	0.0357143	0.0587558	0.0587558	0.0552995	0.0391705	0.00576037
obs_p_fish_norm		0	0	0	0	0	0	0.0010927	0.00382444	0.0140229	0.0202149	0.0233109	0.0462575	0.040794	0.0358769	0.0641049	0.0948825	0.0653797	0.0575487	0.0355127	0.0400656	0.031324	0.0307776	0.0154799	0.00947004	0.00710253	0.0010927
obs_p_fish_norm		0	0	0	0	0	0	0	0	0.000421097	0.00157911	0.00821139	0.0097905	0.0155806	0.0182124	0.0369513	0.0447416	0.0651648	0.091378	0.0887462	0.0722181	0.0759027	0.0637962	0.0386356	0.0227392	0.0248447	0.0120013
obs_p_fish_norm		0	0	0	0	0	0	0	0.00177778	0.00377778	0.00466667	0.00911111	0.0128889	0.026	0.0342222	0.0524444	0.0491111	0.0457778	0.0557778	0.0793333	0.0777778	0.0608889	0.06	0.0442222	0.0233333	0.018	0.006
obs_p_fish_norm		0	0	0	0	0	0	0	0.00533463	0.0029098	0.0014549	0.00193986	0.00775946	0.0203686	0.0242483	0.0756547	0.128031	0.0926285	0.0528613	0.0868089	0.0931135	0.0611057	0.0247333	0.0101843	0.00678952	0.0014549	0.000484966
obs_p_fish_norm		0	5.22E-05	0	0	0.000156748	0.000731491	0.00271697	0.00188098	0.00491144	0.016563	0.0351638	0.0308271	0.0161973	0.0142641	0.03647	0.0532943	0.0669314	0.0538168	0.0452479	0.0657819	0.0895554	0.0920633	0.0558023	0.0311929	0.0287894	0.00632217
obs_p_fish_norm		0	0	0	0	0	0	0	0.00100247	0.00340841	0.00842077	0.00842077	0.0141683	0.0204504	0.018245	0.0163069	0.0300742	0.0515271	0.0680345	0.0573414	0.0468489	0.0556707	0.0934305	0.112076	0.072178	0.041235	0.00862127
obs_p_fish_norm		0	0	0	0	0	0.000839278	0.000699399	0.00125892	0.00223808	0.00657435	0.00713386	0.0114701	0.0181844	0.0250385	0.0552525	0.0587495	0.0492377	0.073297	0.0677018	0.0465799	0.040705	0.0598685	0.0916212	0.0830885	0.0432228	0.00671423
obs_p_fish_norm		0	0	0.00149031	0.00298063	0	0	0.00149031	0.0193741	0.0223547	0.00596125	0.0163934	0.0357675	0.0372578	0.0253353	0.0327869	0.0804769	0.117735	0.126677	0.0864382	0.0461997	0.0342772	0.0253353	0.0163934	0.0387481	0.0253353	0.00298063
obs_p_fish_norm		0	0	0	0	0	0	0	0	0	0.0103093	0.0103093	0.0103093	0.00515464	0.0103093	0.0721649	0.0824742	0.0515464	0.056701	0.0463918	0.0618557	0.0309278	0.0979381	0.0927835	0.0876289	0.0618557	0
obs_p_fish_norm		0	0.00131062	0	0	0.00393185	0.00524246	0.0117955	0.0104849	0.0222805	0.0498034	0.0550459	0.0458716	0.0406291	0.0458716	0.0419397	0.0353866	0.061599	0.068152	0.0353866	0.0222805	0.0183486	0.0314548	0.0209699	0.017038	0.0131062	0.00393185
obs_p_fish_norm		0	0	0	0	0	0	0.00473934	0.00947867	0	0.028436	0.0379147	0.0473934	0.042654	0.118483	0.0900474	0.0663507	0.0616114	0.0331754	0.0236967	0.0236967	0.014218	0.0189573	0.00473934	0.00473934	0	0.00473934
obs_p_fish_norm		0	0	0	0.0276498	0	0.0138249	0.0368664	0.00921659	0	0.00460829	0	0.00921659	0.0230415	0.00921659	0.0599078	0.0599078	0.0691244	0.0414747	0.0552995	0.0322581	0.0368664	0.0506912	0.0276498	0.0276498	0.0276498	0.0414747
obs_p_fish_norm		0	0	0	0	0.00118805	0.00118805	0.00135777	0.00220638	0.00288527	0.00526137	0.00594026	0.00661914	0.00899525	0.0120502	0.0208758	0.0358113	0.0665309	0.105058	0.120842	0.114053	0.0784114	0.0624576	0.0580448	0.0341141	0.0388663	0.0244399
obs_p_fish_norm		0	0	0	0	0	0	0	0	0.00505051	0.030303	0.040404	0	0.0252525	0.020202	0.030303	0.010101	0.040404	0.030303	0.0353535	0.0555556	0.0656566	0.040404	0.0757576	0.0505051	0.0606061	0.0252525
obs_p_fish_norm		0	0	0	0.000817661	0.00163532	0.000817661	0.00408831	0.0122649	0.0106296	0.0179886	0.0179886	0.0245298	0.0433361	0.0351594	0.0547833	0.0515127	0.0523303	0.0776778	0.0907604	0.0727719	0.0498774	0.0351594	0.0359771	0.0204415	0.00572363	0.00654129
obs_p_fish_norm		0	0.000380518	0	0.000761035	0.000380518	0.00266362	0.00608828	0.00837139	0.00913242	0.0167428	0.0152207	0.0243531	0.0342466	0.032344	0.0509893	0.0490868	0.0692542	0.097032	0.11035	0.097032	0.0620244	0.0410959	0.0270167	0.0281583	0.031583	0.0235921
obs_p_fish_norm		0	0	0	0	0.00224972	0.0056243	0	0.00112486	0.0056243	0.0101237	0.0213723	0.0337458	0.0337458	0.0539933	0.100112	0.106862	0.0866142	0.0753656	0.0731159	0.0596175	0.0348706	0.0292463	0.023622	0.0348706	0.0247469	0.0168729
obs_p_fish_norm		0	0	0	0	0	0.00100033	0.00100033	0.00100033	0	0.00133378	0.00400133	0.00566856	0.0130043	0.0126709	0.0160053	0.021007	0.0316772	0.051017	0.124375	0.168056	0.108703	0.0476826	0.0313438	0.0213404	0.00833611	0.0113371
obs_p_fish_norm		0	0	0	0	0	0	0	0	0.00847458	0.00635593	0.00211864	0.0148305	0.0169492	0.0233051	0.0381356	0.059322	0.0614407	0.0783898	0.180085	0.15678	0.0677966	0.0550847	0.0233051	0.0169492	0.00847458	0.00211864
obs_p_fish_norm		0	0	0	0.000757002	0.0011355	0.000757002	0.00227101	0.00567752	0.00189251	0.00605602	0.011355	0.0102195	0.014383	0.0177896	0.0208176	0.0249811	0.0238456	0.0495836	0.0938683	0.116957	0.0666162	0.0306586	0.0355791	0.0272521	0.0401211	0.0234671
obs_p_fish_norm		0	0	0	0.000157456	0.000787278	0.000787278	0.00173201	0.00503858	0.00897496	0.0103921	0.0105495	0.0129114	0.0179499	0.0188947	0.0296016	0.0385766	0.0399937	0.0579436	0.0941584	0.12376	0.0782554	0.0343253	0.0284994	0.0236183	0.0253503	0.00881751
obs_p_fish_norm		0	0	0.000478545	0.000159515	0.00303079	0.0020737	0.00446642	0.00765672	0.00973042	0.0130802	0.0162705	0.0231297	0.0280747	0.026639	0.0454618	0.0564683	0.0636465	0.0577445	0.074015	0.0698676	0.0497687	0.0279151	0.0223321	0.026001	0.0242463	0.0113256
obs_p_fish_norm		0	0	0.000120846	0.000362538	0.000483384	0.00217523	0.00435045	0.00688822	0.010997	0.0103927	0.00990937	0.0123263	0.0146224	0.0165559	0.0334743	0.0404834	0.044713	0.0814502	0.105982	0.116254	0.0757704	0.0345619	0.0192145	0.0221148	0.0215106	0.0135347
obs_p_fish_norm		0	0	0.000332138	0.000398565	0.000730703	0.00132855	0.00126212	0.00438422	0.00923343	0.0170719	0.0229839	0.0274346	0.028896	0.0309552	0.0496878	0.0438422	0.0547363	0.0615119	0.080643	0.0795138	0.0512156	0.0286303	0.0162083	0.0116912	0.0175369	0.00949914
obs_p_fish_norm		0	0	0	0.000604717	0.000201572	0.00120943	0.00241887	0.00503931	0.00806289	0.0179399	0.0209635	0.023584	0.0354767	0.0463616	0.0685346	0.0679299	0.0489821	0.0638984	0.0709534	0.0713566	0.0586575	0.0298327	0.0159242	0.00967547	0.0104818	0.00503931
obs_p_fish_norm		0	0.000141383	0	0.000141383	0.000565531	0.00183798	0.00183798	0.00353457	0.00706914	0.015128	0.0209246	0.0302559	0.0404355	0.0486357	0.0804468	0.0858193	0.071681	0.0627739	0.0624912	0.0549979	0.0394458	0.0274282	0.0124417	0.0104623	0.00763467	0.0073519
obs_p_fish_norm		0	0.000118864	0.000118864	0.000356591	0.000594318	0.00225841	0.00320932	0.00534886	0.00701296	0.00736955	0.00950909	0.01569	0.0169975	0.0259123	0.0490907	0.0696541	0.100202	0.096755	0.0902175	0.0694164	0.0509925	0.0293593	0.0159277	0.00974682	0.011292	0.007845
obs_p_fish_norm		0	0	0	0.00029988	0.00089964	0.00139944	0.00239904	0.00779688	0.0138944	0.0270892	0.0241903	0.0242903	0.0251899	0.0287885	0.0559776	0.0591763	0.0787685	0.0989604	0.0787685	0.0466813	0.0322871	0.0188924	0.0105958	0.0059976	0.00439824	0.00289884
obs_p_fish_norm		0	0.000107863	0.000215726	0.000215726	0.00140222	0.00129436	0.00194154	0.00701111	0.0100313	0.0111099	0.0170424	0.028368	0.0339769	0.0270737	0.0368892	0.0398015	0.0608349	0.0913602	0.109805	0.0716212	0.0434689	0.019739	0.00916837	0.00496171	0.0040988	0.00269658
obs_p_fish_norm		0	0.000118963	0	0.000713776	0.000475851	0.00166548	0.00309303	0.00737568	0.0123721	0.0182013	0.025458	0.0368784	0.0358078	0.0369974	0.0623364	0.054247	0.0544849	0.0772068	0.0882703	0.057459	0.0300975	0.0111825	0.00904116	0.00428266	0.00511539	0.00249822
obs_p_fish_norm		0	0	0.000131579	0.000263158	0.000263158	0.000394737	0.00144737	0.00381579	0.00776316	0.0125	0.0169737	0.0238158	0.0280263	0.0347368	0.0592105	0.0596053	0.0705263	0.085	0.104605	0.0826316	0.0397368	0.0214474	0.0118421	0.00842105	0.00657895	0.00263158
obs_p_fish_norm		0	8.86E-05	0	0.00026591	0.000797731	0.00106364	0.00132955	0.00283638	0.00620457	0.0106364	0.013916	0.0163978	0.0202978	0.0224251	0.0486616	0.0616912	0.0648821	0.0698458	0.0864208	0.0659458	0.0319092	0.0202092	0.0136501	0.00664776	0.0077114	0.00221592
obs_p_fish_norm		0	0	0	0	0.000626109	0.00104351	0.00177397	0.00480017	0.0075133	0.0127309	0.0148179	0.0206616	0.0256705	0.0304706	0.0564541	0.0745069	0.0879683	0.0859856	0.0891161	0.0705416	0.036523	0.0129396	0.00542628	0.00532192	0.00438276	0.00187833
obs_p_fish_norm		0	0	0.000244439	0.00012222	0.00012222	0.00134441	0.0012222	0.00158885	0.0103887	0.0146663	0.0155219	0.0147886	0.0234661	0.0292105	0.0446101	0.0584209	0.0943535	0.103642	0.0832315	0.0615986	0.0343437	0.0127108	0.00488878	0.00207773	0.00305549	0.00219995
obs_p_fish_norm		0	6.12E-05	6.12E-05	0.000244708	0.000550593	0.00128472	0.000978833	0.00226355	0.00379298	0.00691301	0.00862596	0.00770831	0.00832008	0.0128472	0.029365	0.0499816	0.0799584	0.098128	0.0965374	0.0898691	0.0757984	0.0521228	0.0311391	0.0190261	0.0156001	0.0061177
obs_p_fish_norm		0	0.000168805	0	8.44E-05	0.000506415	0.00101283	0.00194126	0.00582377	0.00658339	0.0102127	0.0122384	0.012998	0.0168805	0.0215226	0.0416948	0.0550304	0.0827988	0.117404	0.12154	0.0921675	0.0569716	0.0338454	0.0123228	0.00903106	0.00590817	0.00236327
obs_p_fish_norm		9.11E-05	0	0	9.11E-05	0.000364332	0.001093	0.00346115	0.00528281	0.00783314	0.0161217	0.0229529	0.0314236	0.0295109	0.0259586	0.0462702	0.0459969	0.0530103	0.0666727	0.0975499	0.094453	0.0609345	0.0321523	0.0161217	0.00765097	0.00555606	0.00182166
obs_p_fish_norm		0	0	0.000129016	0.000322539	0.000967617	0.00154819	0.0024513	0.00619275	0.00903109	0.0129016	0.0173526	0.0232873	0.0336731	0.0475423	0.0710231	0.0567669	0.053735	0.0623145	0.0887627	0.0808283	0.0612179	0.0423171	0.0227713	0.0112889	0.00786995	0.00238679
obs_p_fish_norm		0.000142674	0.000570695	0.000428021	0.00114139	0.00185476	0.00485091	0.00613497	0.00798973	0.00927379	0.0128406	0.0164075	0.0174062	0.0188329	0.0249679	0.0507918	0.06777	0.073905	0.0573548	0.0502211	0.0496504	0.0436582	0.040234	0.0269653	0.0169782	0.0108432	0.00285347
obs_p_fish_norm		0.000216849	0.000108425	0	0.000650548	0.000867397	0.00238534	0.00303589	0.00433698	0.00899924	0.0131194	0.0159384	0.0172395	0.0181069	0.0235281	0.0482489	0.0747045	0.110159	0.117749	0.0946547	0.0702591	0.0559471	0.0365391	0.0195164	0.0105172	0.0061802	0.00119267
obs_p_fish_norm		0	0	0	0	0.000139431	0.000976018	0.00167317	0.00418293	0.00655326	0.0108756	0.0153374	0.0185443	0.0207752	0.0255159	0.0441997	0.0649749	0.107641	0.136782	0.0953709	0.0520078	0.0369492	0.0248187	0.0153374	0.0133854	0.0062744	0.000976018
obs_p_fish_norm		0	0	0	0	0	0.00115207	0.0115207	0.0126728	0.0103687	0.0138249	0.0172811	0.0414747	0.0702765	0.0748848	0.0483871	0.0207373	0.00921659	0.00691244	0.00576037	0.00460829	0.00576037	0.00806452	0.00921659	0.0103687	0.00230415	0
obs_p_fish_norm		0	0	0	0	0	0	0.000546349	0.00600983	0.00710253	0.0056456	0.0107449	0.0267711	0.0732107	0.10672	0.0896012	0.0238572	0.00874158	0.00200328	0.000546349	0.000182116	0	0	0.000182116	0	0	0
obs_p_fish_norm		0	0	0	0	0	0.000315823	0	0	0.00147384	0.00263186	0.00557953	0.0154753	0.0385304	0.059901	0.0953785	0.0608485	0.0198968	0.00421097	0.00263186	0.00147384	0.000421097	0.000210548	0	0.000105274	0	0
obs_p_fish_norm		0	0	0	0	0.000222222	0	0.000222222	0.00177778	0.00333333	0.00311111	0.00777778	0.0186667	0.0586667	0.0922222	0.0788889	0.0415556	0.0213333	0.00644444	0.000222222	0.000444444	0	0	0	0	0	0
obs_p_fish_norm		0	0	0	0	0	0	0	0.000484966	0.0014549	0.00436469	0.00775946	0.0218235	0.0344326	0.0746848	0.0868089	0.0344326	0.0160039	0.00630456	0.00872939	0.00387973	0.000484966	0.000484966	0	0	0	0
obs_p_fish_norm		0	0	0	0	0.000208997	0.000940488	0.00177648	0.00156748	0.00626992	0.0184963	0.019698	0.0143163	0.0156748	0.0324991	0.0636919	0.0456137	0.0177125	0.0076284	0.00188098	0.000992737	0.000574743	0.000835989	0.000626992	5.22E-05	0.000208997	0
obs_p_fish_norm		0	0	0	0	0.000133663	0	0.000267326	0.000601484	0.00200495	0.00387623	0.00521286	0.0105594	0.0323465	0.0340841	0.0410346	0.0474504	0.0282697	0.0149703	0.0111609	0.00902225	0.00902225	0.0111609	0.00674998	0.00374256	0.000801978	6.68E-05
obs_p_fish_norm		0	0	0	0	0	0.000279759	0.000279759	0.00167856	0.00293747	0.00615471	0.00615471	0.015107	0.0297944	0.0379074	0.0465799	0.0349699	0.0233599	0.0127291	0.0103511	0.00685411	0.00587495	0.00377675	0.00349699	0.00181844	0.000419639	0
obs_p_fish_norm		0	0	0	0	0	0	0	0.00447094	0.00447094	0.00745156	0.0178838	0.0193741	0.0268256	0.0268256	0.0253353	0.0268256	0.0104322	0.00298063	0.00298063	0.00149031	0.00447094	0.00447094	0.00745156	0.00447094	0	0
obs_p_fish_norm		0	0	0	0	0	0	0	0.00515464	0	0.00515464	0	0.00515464	0.0103093	0.0463918	0.0824742	0.0412371	0.0154639	0	0	0	0	0	0	0	0	0
obs_p_fish_norm		0	0.00131062	0	0	0	0.00524246	0.00524246	0.00131062	0.0131062	0.0406291	0.0419397	0.0262123	0.034076	0.0249017	0.0642202	0.0498034	0.0222805	0.00524246	0.00131062	0	0.00131062	0	0	0	0	0
obs_p_fish_norm		0	0	0	0	0	0	0	0	0	0.00473934	0.00473934	0.0236967	0.0379147	0.0947867	0.07109	0.0331754	0.014218	0.014218	0.028436	0.014218	0	0.00947867	0	0	0.00473934	0.00947867
obs_p_fish_norm		0	0	0	0	0.0184332	0	0.0460829	0	0	0.0368664	0	0.0506912	0.0230415	0.0138249	0.0276498	0.00921659	0.00460829	0.0138249	0.0184332	0.0184332	0	0.0414747	0.0138249	0	0	0
obs_p_fish_norm		0	0	0	0	0.000678887	0.00186694	0.000848608	0.0023761	0.00373388	0.00305499	0.00661914	0.00763747	0.00831636	0.013408	0.032926	0.0538018	0.0349627	0.0117108	0.00339443	0.00118805	0.00220638	0.000848608	0.000678887	0.00135777	0.000848608	0.000339443
obs_p_fish_norm		0	0	0	0	0	0	0	0	0.010101	0.0252525	0.040404	0.010101	0.010101	0.010101	0.0252525	0.0252525	0.020202	0.0252525	0.030303	0.030303	0.0151515	0.0151515	0.040404	0.020202	0.00505051	0
obs_p_fish_norm		0	0	0	0.000817661	0.000817661	0.00163532	0.00572363	0.00572363	0.00817661	0.0122649	0.0106296	0.0163532	0.0351594	0.0335241	0.0392478	0.0498774	0.0245298	0.0114473	0.0106296	0.00408831	0.00408831	0.00245298	0	0	0	0
obs_p_fish_norm		0	0	0	0	0	0.00152207	0.00152207	0.00342466	0.00684932	0.011796	0.00837139	0.0114155	0.0114155	0.0125571	0.0171233	0.0232116	0.0254947	0.0167428	0.00152207	0.00114155	0.00152207	0.00228311	0.000761035	0.00114155	0.00152207	0.000761035
obs_p_fish_norm		0	0	0	0	0.00112486	0.00337458	0.00449944	0.00674916	0.00674916	0.00787402	0.0112486	0.0123735	0.0168729	0.0146232	0.0326209	0.0134983	0.0112486	0.00899888	0.00899888	0.00449944	0	0	0	0	0.00112486	0
obs_p_fish_norm		0	0	0	0	0	0.000666889	0	0.00200067	0.00533511	0.00966989	0.0140047	0.0123374	0.00666889	0.00766922	0.0206736	0.0306769	0.0716906	0.066022	0.0423474	0.0166722	0.00633545	0.00400133	0.00266756	0	0	0
obs_p_fish_norm		0	0	0	0	0	0	0	0	0	0	0.00211864	0.00211864	0.0105932	0.00847458	0.0211864	0.0381356	0.0444915	0.0381356	0.00423729	0.00423729	0.00211864	0.00211864	0.00211864	0	0	0
obs_p_fish_norm		0.000757002	0.000378501	0	0	0.00264951	0.000757002	0.00416351	0.00529902	0.00567752	0.0117335	0.00908403	0.0109765	0.016654	0.0170326	0.0302801	0.0507192	0.0514762	0.0386071	0.0238456	0.0181681	0.016654	0.0140045	0.0147615	0.013626	0.0132475	0.00340651
obs_p_fish_norm		0	0	0.000157456	0.000629822	0.00110219	0.00110219	0.00251929	0.00724295	0.00976224	0.0113368	0.0165328	0.0151157	0.0185798	0.0181074	0.03527	0.0440875	0.0483388	0.0420406	0.0173201	0.0100772	0.00928988	0.00692804	0.00488112	0.00393639	0.00409384	0.000472367
obs_p_fish_norm		0	0	0.000159515	0.000478545	0.00095709	0.00223321	0.00510448	0.00733769	0.00765672	0.0121231	0.0167491	0.0205774	0.026001	0.0304674	0.0489711	0.0430691	0.0453023	0.02632	0.0141968	0.010209	0.00669963	0.00271176	0.00255224	0.00255224	0.0020737	0.00191418
obs_p_fish_norm		0	0	0.000120846	0.000241692	0.000120846	0.000966767	0.00253776	0.0060423	0.00966767	0.0113595	0.0154683	0.0131722	0.017281	0.0216314	0.0379456	0.046284	0.0435045	0.0329909	0.0170393	0.00942598	0.00640483	0.00435045	0.00229607	0.00169184	0.000483384	0.000725076
obs_p_fish_norm		0	0	0.000199283	6.64E-05	0.00053142	0.00079713	0.00172712	0.00498206	0.00770559	0.0158762	0.0195297	0.0249103	0.0285638	0.0311545	0.0449714	0.054072	0.0525442	0.0302245	0.0139498	0.00817059	0.00484921	0.00239139	0.000664275	0.000664275	0.0011957	0.00053142
obs_p_fish_norm		0	0.000201572	0	0	0.000604717	0.00120943	0.00221729	0.0058456	0.00463616	0.0110865	0.0169321	0.0253981	0.0300343	0.040516	0.058456	0.0340657	0.0316468	0.0258012	0.0106833	0.00786132	0.0036283	0.00302358	0.00141101	0.000403145	0.00100786	0.000201572
obs_p_fish_norm		0	0	0	0	0	0.000565531	0.00127244	0.00339319	0.00636222	0.0113106	0.0195108	0.0248834	0.0383147	0.0366181	0.0521702	0.0377492	0.0335077	0.0195108	0.0073519	0.00438286	0.00395872	0.00268627	0.00141383	0.000424148	0.000706914	0.000424148
obs_p_fish_norm		0.000118864	0	0	0.000118864	0.000237727	0.00202068	0.00237727	0.00356591	0.00546773	0.00927137	0.0108166	0.0177107	0.0225841	0.0316177	0.0660882	0.0469511	0.03138	0.02092	0.01046	0.00701296	0.00713182	0.00534886	0.00190182	0.000832046	0.000832046	0.000237727
obs_p_fish_norm		0	1.00E-04	0	0.00029988	0.00079968	0.00189924	0.0029988	0.00679728	0.0153938	0.0240904	0.0219912	0.0227909	0.0230908	0.0266893	0.0557777	0.054978	0.0339864	0.0297881	0.0160936	0.00629748	0.00229908	0.0019992	0.0009996	0.00039984	0.0004998	0.00029988
obs_p_fish_norm		0	0.000215726	0	0.000215726	0.000215726	0.00194154	0.0020494	0.00776615	0.00744256	0.00970769	0.020494	0.0310646	0.0291231	0.027613	0.0479991	0.055981	0.0448711	0.0350555	0.0245928	0.00970769	0.00571675	0.00161795	0.0011865	0.000647179	0.000215726	0.00032359
obs_p_fish_norm		0	0	0.000118963	0	0.000832739	0.000832739	0.00237925	0.00487747	0.0142755	0.0208185	0.0284321	0.0335475	0.0386629	0.0404473	0.0549607	0.0440162	0.0340233	0.0182013	0.0121342	0.00654295	0.00404473	0.00261718	0.000951701	0.000356888	0.00130859	0.000237925
obs_p_fish_norm		0	0	0	0.000263158	0.000789474	0.000921053	0.00434211	0.00565789	0.00815789	0.0111842	0.0194737	0.0261842	0.0275	0.0328947	0.0461842	0.0396053	0.0331579	0.0231579	0.0171053	0.0121053	0.005	0.00131579	0.00144737	0.000526316	0.000263158	0.000394737
obs_p_fish_norm		0	0	0	0	0.00106364	0.00150683	0.00141819	0.00319092	0.010016	0.010725	0.0140932	0.0210069	0.0234001	0.0380252	0.0718844	0.0735685	0.0592094	0.0358979	0.0249956	0.0161319	0.00780004	0.00647048	0.00159546	0.000886368	0.000886368	0.000177274
obs_p_fish_norm		0	0	0	0.000104351	0.000313054	0.00073046	0.000834812	0.00313054	0.00553063	0.00991339	0.0149223	0.0205572	0.0243139	0.0262966	0.0533236	0.061463	0.0585412	0.0334968	0.0157571	0.00897423	0.00500887	0.00250443	0.00135657	0.00104351	0.000417406	0.000313054
obs_p_fish_norm		0	0	0	0	0.000733317	0.00158885	0.00134441	0.00305549	0.0152774	0.0171107	0.0174774	0.018944	0.0295771	0.0290882	0.0573209	0.0633097	0.0639208	0.0360548	0.0140552	0.00623319	0.00415546	0.00183329	0.000611098	0.000244439	0.000244439	0
obs_p_fish_norm		0	0	0	0.00061177	0.00146825	0.00250826	0.00348709	0.00489416	0.005873	0.0106448	0.0118072	0.0110119	0.0153554	0.0170072	0.0300379	0.0469228	0.0447204	0.0329133	0.0204943	0.0165178	0.00997186	0.00630124	0.00446592	0.00226355	0.00208002	0.0013459
obs_p_fish_norm		0	0.000168805	0.000168805	0.000168805	0.00033761	0.000675219	0.00160365	0.00286968	0.00582377	0.0105503	0.0120695	0.0109723	0.012998	0.0159521	0.0326637	0.0428764	0.0470122	0.035449	0.0232951	0.0127448	0.00523295	0.00312289	0.00126604	0.000590817	0.000253207	8.44E-05
obs_p_fish_norm		0	0	0	0.000182166	0.000637581	0.000819747	0.00291466	0.00473631	0.012023	0.0228618	0.0326988	0.0294198	0.0249567	0.0201293	0.0343383	0.0426268	0.0487294	0.0228618	0.00956371	0.00837963	0.00546498	0.00291466	0.000455415	0.000546498	0.000273249	9.11E-05
obs_p_fish_norm		0	6.45E-05	0.000129016	0.000193523	0.000838601	0.00174171	0.00322539	0.00587021	0.0090956	0.0116759	0.0133531	0.0229648	0.0365114	0.0370275	0.045091	0.0388337	0.0258676	0.0119985	0.00625726	0.0049671	0.00393498	0.00180622	0.00148368	0.000387047	0	0
obs_p_fish_norm		0.000428021	0.000713369	0.000856042	0.00285347	0.0059923	0.00770438	0.00984449	0.0107005	0.0175489	0.0215437	0.0229705	0.0259666	0.0296761	0.0363818	0.0624911	0.0520759	0.034527	0.0174062	0.00884577	0.0054216	0.00470823	0.00313882	0.00199743	0.00156941	0.000570695	0
obs_p_fish_norm		0	0	0	0.000325274	0.000650548	0.00108425	0.00227692	0.00650548	0.00867397	0.0127941	0.0175648	0.0196249	0.0220102	0.0253714	0.0371896	0.0346959	0.027323	0.0145289	0.0061802	0.00346959	0.00216849	0.00173479	0.000867397	0.000542123	0.000108425	0.000108425
obs_p_fish_norm		0	0.000139431	0.000278862	0.00111545	0.00111545	0.00278862	0.00292805	0.00599554	0.00920245	0.0165923	0.0202175	0.0238427	0.0270496	0.0317903	0.0605131	0.0476854	0.0237033	0.0131065	0.00376464	0.00209147	0.00111545	0.000836587	0.000418293	0.000418293	0	0
pred_p_fish		1.82E-07	0.00015977	0.000399543	0.000847348	0.0014117	0.00216366	0.00330032	0.00486676	0.00705745	0.0100175	0.0139191	0.018964	0.025001	0.031782	0.060443	0.0726604	0.0789219	0.0778087	0.071136	0.0617555	0.0518252	0.0424356	0.0339548	0.0259151	0.0266891	0.0128394
pred_p_fish		2.11E-07	0.000181372	0.00044758	0.000927798	0.00149961	0.00225064	0.00343185	0.00509907	0.00738394	0.0103196	0.0139705	0.0185072	0.0238974	0.0301327	0.057764	0.071177	0.0796708	0.0803573	0.0741983	0.0640064	0.0528195	0.0423984	0.0335498	0.0257048	0.0270906	0.013586
pred_p_fish		2.29E-07	0.000198669	0.000491278	0.00102102	0.00164755	0.00244307	0.00365586	0.00535601	0.00772048	0.0107973	0.0145431	0.0189877	0.0239837	0.0295297	0.0554762	0.0681834	0.0776	0.0803003	0.075741	0.0660419	0.0542494	0.0429906	0.0335987	0.0256453	0.0273733	0.0141229
pred_p_fish		2.08E-07	0.000184914	0.000465723	0.000998797	0.00168636	0.00260077	0.00394735	0.00575082	0.00818259	0.0113136	0.0151487	0.0196871	0.0246732	0.0299568	0.0549243	0.0658403	0.0743962	0.0778965	0.0751573	0.066929	0.0555771	0.043876	0.033889	0.0256677	0.0274659	0.0144304
pred_p_fish		1.72E-07	0.000155791	0.000398763	0.00087848	0.00155194	0.00252452	0.00401295	0.00603865	0.00871078	0.0120257	0.0159722	0.0205573	0.0255641	0.0308113	0.0557591	0.0653298	0.07215	0.0748123	0.0727109	0.0659671	0.0557626	0.0444547	0.0342633	0.0257213	0.0273496	0.0143931
pred_p_fish		1.64E-07	0.000145529	0.000368246	0.000797223	0.00138829	0.00226958	0.00372264	0.00583988	0.00875926	0.0124365	0.0167511	0.021614	0.026745	0.0319713	0.0572822	0.0661702	0.0716805	0.0728485	0.0700706	0.063817	0.0547545	0.0442829	0.0343193	0.0256929	0.0270885	0.0141743
pred_p_fish		1.85E-07	0.000159364	0.000394528	0.000823089	0.00135427	0.00209709	0.00335816	0.00528961	0.00814059	0.0119639	0.0166508	0.022041	0.0276724	0.0332428	0.0593437	0.0678366	0.0725011	0.0724248	0.0684817	0.061802	0.0531952	0.0435086	0.0340831	0.0255719	0.0268194	0.0139207
pred_p_fish		2.49E-07	0.000209405	0.000507379	0.0010183	0.00156037	0.00221316	0.00328885	0.00493915	0.00744997	0.0109859	0.0156023	0.0212518	0.0274489	0.0337594	0.0612392	0.0702326	0.074457	0.0733361	0.0681835	0.0606035	0.0518169	0.0425402	0.0336473	0.0254125	0.0265268	0.013554
pred_p_fish		3.43E-07	0.000287671	0.000692458	0.00137108	0.00203234	0.00272156	0.00374556	0.0052063	0.00734871	0.0103732	0.0144571	0.0197356	0.02593	0.0326941	0.0611794	0.072018	0.0770329	0.0755072	0.0692595	0.0605489	0.0510842	0.0417305	0.0331343	0.0251925	0.0264068	0.01345
pred_p_fish		2.94E-07	0.000261945	0.000656922	0.00139543	0.00229097	0.00335279	0.00471222	0.00631019	0.00833198	0.0109622	0.0143954	0.0188726	0.0243515	0.0307109	0.0585998	0.0712605	0.0783532	0.0778583	0.0713258	0.0616126	0.0511893	0.0413649	0.0327564	0.024988	0.0262405	0.0132553
pred_p_fish		2.71E-07	0.000240828	0.000606963	0.00130505	0.0022189	0.00346358	0.00526829	0.00752088	0.0101452	0.0130255	0.0162127	0.0199441	0.024348	0.0295229	0.0552176	0.0676531	0.0763356	0.0779082	0.0725541	0.0627834	0.0516046	0.041078	0.0321943	0.0245258	0.0260001	0.0133618
pred_p_fish		2.83E-07	0.000245891	0.000612661	0.00129002	0.00214244	0.00331763	0.00518491	0.00780659	0.0111865	0.0150743	0.0191186	0.0231144	0.0269806	0.0308925	0.0542504	0.0637001	0.0714787	0.0742552	0.0708071	0.0623354	0.0514426	0.0406892	0.0315938	0.023911	0.0252118	0.0128191
pred_p_fish		2.54E-07	0.000224444	0.000563948	0.00120525	0.00203524	0.00317019	0.00493988	0.00746086	0.0109691	0.0154413	0.0205391	0.0258212	0.0306146	0.0346147	0.0578667	0.0632138	0.0674101	0.0689159	0.0663606	0.0595715	0.0498791	0.0395474	0.0304815	0.0229129	0.0242333	0.0125482
pred_p_fish		2.06E-07	0.00018531	0.000471479	0.00102933	0.00179713	0.00289485	0.0046046	0.00700854	0.0103485	0.0147088	0.0200499	0.0261231	0.032204	0.0376215	0.0637022	0.067567	0.0679311	0.0658961	0.0619475	0.0557235	0.0473116	0.0379403	0.0292781	0.0218949	0.0230603	0.011993
pred_p_fish		2.10E-07	0.00018268	0.000455989	0.000965005	0.00162308	0.00256682	0.00412323	0.00641688	0.00964416	0.0138494	0.0190444	0.0251687	0.0317597	0.0382771	0.0674438	0.0735376	0.0729924	0.0675722	0.0603612	0.0526663	0.0445001	0.0359583	0.0279295	0.0208849	0.0219268	0.0114209
pred_p_fish		1.95E-07	0.000171656	0.000430294	0.000915597	0.00154026	0.00240354	0.00378883	0.00582838	0.00881196	0.012851	0.0179268	0.024002	0.0306639	0.0375505	0.0681366	0.0773204	0.0788982	0.0727631	0.0626612	0.0521226	0.0426704	0.0341643	0.0266359	0.0199728	0.0208753	0.0107645
pred_p_fish		1.44E-07	0.000132565	0.00034177	0.000761812	0.00136526	0.00224252	0.00359864	0.00550384	0.00823008	0.0119308	0.0166975	0.0225904	0.0292371	0.0362888	0.0670227	0.0781978	0.082524	0.0780792	0.0673411	0.054521	0.0428876	0.0333392	0.025742	0.0192945	0.0200903	0.0102281
pred_p_fish		1.41E-07	0.000124547	0.000315017	0.000682238	0.0011928	0.00196706	0.00326028	0.00516234	0.00785143	0.0113835	0.0158413	0.0213524	0.0277089	0.0346973	0.0650303	0.0774583	0.0838014	0.0815997	0.0720125	0.0585346	0.0450944	0.0339481	0.0255992	0.018995	0.0196845	0.00992412
pred_p_fish		1.51E-07	0.000131156	0.00032688	0.000689213	0.00115266	0.00181462	0.0029394	0.00467086	0.00725911	0.0107856	0.0152272	0.020614	0.0267162	0.0334046	0.0628928	0.0759332	0.0837045	0.083444	0.0754873	0.0625405	0.0482558	0.0356853	0.0261852	0.0190569	0.0195945	0.00987274
pred_p_fish		1.47E-07	0.000129082	0.000323336	0.000688015	0.00115636	0.00179901	0.00282671	0.00434588	0.00664691	0.00990561	0.0141985	0.0195783	0.0257164	0.0323766	0.0611318	0.074166	0.0828248	0.0842242	0.0780937	0.0662847	0.0519413	0.0383541	0.0276069	0.0196248	0.0198372	0.00994156
pred_p_fish		1.75E-07	0.000150581	0.000370947	0.000767227	0.00123808	0.00186093	0.00286225	0.00432461	0.00645245	0.00938467	0.0132861	0.0183285	0.0243257	0.031065	0.0594399	0.0727194	0.0817285	0.0840947	0.0795031	0.0691372	0.0553866	0.0413914	0.029651	0.0206958	0.020462	0.0101082
pred_p_fish		2.25E-07	0.000190825	0.000465371	0.000943864	0.00146624	0.00209629	0.00307975	0.00450431	0.00655603	0.00933924	0.0129449	0.0175424	0.0230623	0.0294496	0.0569621	0.0708307	0.0805255	0.0836348	0.0800886	0.0710267	0.0582639	0.0443963	0.0320273	0.0221859	0.0215419	0.0105072
pred_p_fish		2.47E-07	0.000213952	0.000527195	0.00108866	0.00172854	0.00249145	0.00358664	0.0050466	0.00705553	0.00973004	0.0131429	0.0174264	0.0224818	0.028281	0.0542891	0.0678656	0.0782514	0.0824352	0.079971	0.0720221	0.0602777	0.0469178	0.0343496	0.0238439	0.0228818	0.0110132
pred_p_fish		3.24E-07	0.000274862	0.000668835	0.00135215	0.002085	0.00294125	0.00421056	0.00590982	0.00811205	0.0108345	0.0141317	0.0181207	0.0227337	0.0279416	0.05243	0.0645743	0.0745067	0.0793671	0.0781895	0.0715707	0.0610034	0.0484689	0.0361571	0.0253436	0.0241739	0.0113931
pred_p_fish		2.17E-07	0.000202889	0.000526869	0.00118192	0.00209855	0.00331853	0.00495853	0.00696562	0.00947984	0.0125333	0.0160565	0.0200204	0.0242996	0.0288833	0.0522847	0.0623354	0.0705131	0.0747579	0.074189	0.0689177	0.0598502	0.048571	0.0370092	0.026331	0.0251274	0.0115579
pred_p_fish		1.98E-07	0.000177387	0.000453286	0.00100031	0.00179081	0.00299757	0.00491191	0.00749663	0.0106987	0.01434	0.018307	0.0225643	0.0268889	0.0311344	0.0542548	0.0618876	0.0676139	0.0701383	0.0690708	0.0644927	0.0568262	0.0470393	0.036614	0.0265295	0.025522	0.0115752
pred_p_fish		1.76E-07	0.000156907	0.000399518	0.000871036	0.00153611	0.00254846	0.00426432	0.00685138	0.0104748	0.0149779	0.01999	0.0251198	0.0299516	0.0343083	0.0583228	0.0639034	0.0668875	0.0668721	0.0642926	0.0594463	0.0525809	0.0441294	0.0350238	0.0258882	0.0253302	0.0115227
pred_p_fish		1.81E-07	0.0001577	0.000393554	0.000834369	0.00140887	0.00224184	0.0036662	0.00587465	0.00921254	0.0137972	0.0194557	0.0258368	0.0320795	0.0375717	0.0640243	0.0686898	0.0692315	0.0662111	0.0611307	0.054967	0.0480817	0.0405027	0.0326225	0.0246128	0.0247283	0.0115502
pred_p_fish		1.82E-07	0.000158611	0.000394584	0.000829319	0.00137264	0.00211369	0.00332483	0.00515344	0.0079458	0.0119259	0.0172407	0.0238343	0.0310688	0.0382272	0.0681881	0.0749154	0.0748996	0.0694488	0.0614456	0.0530055	0.0450562	0.0375102	0.0303547	0.0232964	0.0241676	0.0118407
pred_p_fish		1.64E-07	0.000145743	0.000366874	0.000786527	0.00133303	0.00208351	0.00324157	0.00489627	0.00731196	0.0106943	0.0152647	0.0212337	0.0283397	0.0361577	0.0680344	0.0791372	0.0816973	0.0758149	0.0653862	0.0541341	0.0441663	0.0357839	0.0287455	0.0222471	0.0235719	0.0118831
pred_p_fish		1.18E-07	0.00010993	0.000285955	0.000645793	0.00117855	0.00196858	0.00318712	0.00486751	0.00721008	0.0103225	0.0143495	0.0195541	0.0258821	0.0332521	0.0644939	0.0790012	0.0859252	0.0825856	0.071701	0.0580765	0.045567	0.0355449	0.0279386	0.0215621	0.0231481	0.0119121
pred_p_fish		1.16E-07	0.000103059	0.000262111	0.000573087	0.00101907	0.00171494	0.00289568	0.00464437	0.00710972	0.0103014	0.0142291	0.0190311	0.0246616	0.0311548	0.0601189	0.075227	0.0854324	0.0861943	0.0776391	0.0636741	0.0490943	0.0369545	0.0281069	0.0213554	0.0230298	0.0120978
pred_p_fish		8.54E-08	7.92E-05	0.000207098	0.000470743	0.000874947	0.00150742	0.0025689	0.00418533	0.00661637	0.00994066	0.0140977	0.0190611	0.024573	0.0305934	0.0577714	0.0713766	0.0820537	0.0857251	0.0806959	0.0686273	0.0536073	0.0397794	0.029345	0.0217176	0.023174	0.0122731
pred_p_fish		8.55E-08	7.59E-05	0.000192893	0.000422535	0.000756452	0.00128815	0.00222489	0.00368663	0.00592641	0.00908785	0.0132441	0.018435	0.0243077	0.0305828	0.057485	0.0698042	0.0792872	0.0835395	0.0808962	0.0715155	0.0576724	0.0433148	0.0315135	0.0227309	0.0236837	0.0124161
pred_p_fish		1.18E-07	9.96E-05	0.000243605	0.000497549	0.000796342	0.00121444	0.0019729	0.00321624	0.00520166	0.00808603	0.0120033	0.0170695	0.0230672	0.0297587	0.0572118	0.0699933	0.0788944	0.0825134	0.0805869	0.0730456	0.060883	0.0468635	0.0342124	0.0242869	0.0246886	0.0127651
pred_p_fish		1.53E-07	0.000130211	0.000317131	0.000642043	0.000992856	0.00140977	0.00207526	0.00309732	0.00474725	0.00724143	0.010757	0.0155055	0.0213379	0.0281101	0.0555789	0.0698804	0.0797154	0.0832206	0.0810039	0.0740402	0.0631103	0.0499375	0.0371124	0.0262931	0.0262084	0.0132693
pred_p_fish		1.70E-07	0.000147312	0.000363934	0.000755035	0.00120669	0.00174763	0.00251537	0.00352951	0.00498092	0.00705264	0.00998201	0.014079	0.0193613	0.025807	0.0522255	0.0677463	0.0794565	0.0843251	0.0825283	0.0757082	0.0653776	0.0528646	0.04018	0.02875	0.0282485	0.0138157
pred_p_fish		1.47E-07	0.00013336	0.000339766	0.000741794	0.00128076	0.00200672	0.00303273	0.00432683	0.00596425	0.00799625	0.0105565	0.0139345	0.0183041	0.0238335	0.048101	0.0635585	0.0766312	0.0835398	0.0833498	0.077354	0.0674693	0.0554365	0.0430281	0.0312635	0.0306844	0.0146418
pred_p_fish		1.36E-07	0.000122504	0.000313772	0.000692483	0.00123179	0.00203084	0.0032785	0.004974	0.00714153	0.0096869	0.012527	0.0157513	0.0194347	0.0238046	0.0456192	0.0588921	0.0715179	0.079712	0.0814885	0.0771295	0.0682871	0.0569506	0.0449852	0.0332746	0.0329818	0.0155937
pred_p_fish		1.63E-07	0.00014047	0.000349161	0.000733656	0.00122543	0.00193741	0.00315192	0.00497941	0.00754087	0.010755	0.0143976	0.0182771	0.0221443	0.0260031	0.0465527	0.0561481	0.0660793	0.0737553	0.0768724	0.074533	0.0673942	0.0572412	0.046023	0.0346396	0.0348424	0.0164497
pred_p_fish		1.81E-07	0.000156404	0.000387387	0.000808047	0.00131872	0.00199741	0.00310127	0.0047708	0.00727344	0.0107087	0.0149705	0.019818	0.0246919	0.0292305	0.0510345	0.0577539	0.0636055	0.0682751	0.0707448	0.069601	0.0643177	0.0557926	0.0457363	0.0350845	0.0360165	0.0172672
pred_p_fish		2.62E-07	0.000220204	0.000532008	0.00106259	0.00161337	0.00226055	0.00330308	0.00485543	0.00714334	0.0103256	0.0145222	0.0197273	0.0254702	0.0312283	0.0559652	0.0628348	0.0658511	0.0663338	0.0656931	0.0637386	0.0594775	0.0526118	0.0440742	0.0345621	0.0364753	0.0180552
pred_p_fish		1.35E-07	0.000133492	0.000357488	0.000837613	0.00156087	0.00254489	0.00383714	0.00541598	0.00754108	0.0104219	0.0142217	0.0190716	0.0247816	0.0310537	0.0578183	0.0673322	0.0708799	0.0689293	0.0645941	0.0599125	0.0549965	0.0489529	0.0417837	0.0335357	0.0364519	0.0186889
pred_p_fish		1.76E-07	0.000151707	0.000377948	0.00080253	0.00137636	0.00226648	0.0037649	0.0058536	0.00847578	0.0115167	0.015069	0.0194022	0.02452	0.0303532	0.057005	0.0684385	0.0743185	0.0728143	0.066414	0.0586772	0.0516708	0.0452245	0.038877	0.0318627	0.0359158	0.0193855
pred_p_fish		1.88E-07	0.000163014	0.000405588	0.000848716	0.00139845	0.00215706	0.00344447	0.00544594	0.0083725	0.0121358	0.0164287	0.0210309	0.0257955	0.030839	0.0562301	0.0671029	0.0742743	0.0745882	0.0685616	0.0593473	0.0502856	0.0426815	0.0364324	0.0301724	0.0346359	0.0189987
pred_p_fish		1.94E-07	0.000169142	0.000419869	0.000881868	0.00144972	0.00219996	0.00338082	0.00511096	0.0077166	0.0113885	0.0160703	0.0215825	0.027241	0.0326339	0.0579645	0.0667713	0.072893	0.0739742	0.0692652	0.0603453	0.0502392	0.0413824	0.034601	0.028593	0.0332065	0.0184723
pred_p_fish		1.18E-07	0.000112811	0.00029842	0.000689267	0.0012856	0.00215638	0.00343964	0.0051603	0.00755522	0.0107993	0.0150994	0.0205286	0.0267251	0.0331951	0.060521	0.0693325	0.0737539	0.0735835	0.0690118	0.0607189	0.0505511	0.0409554	0.0334442	0.0272907	0.0317608	0.0178436
pred_p_fish		1.02E-06	0.000348161	0.000541835	0.000833958	0.00127234	0.00203944	0.00322356	0.00499322	0.00763014	0.011259	0.0159776	0.0212091	0.0262665	0.0298363	0.0460556	0.0398474	0.0281283	0.0159187	0.00642935	0.00160328	0.000225632	1.76E-05	0	0	0	0
pred_p_fish		1.18E-06	0.000396836	0.000603499	0.000892563	0.00131649	0.00210624	0.00336749	0.00522843	0.00787543	0.0113113	0.0155737	0.0202223	0.0248277	0.0283425	0.0446023	0.0396552	0.0285395	0.0162631	0.00656544	0.00163078	0.000229142	1.82E-05	0	0	0	0
pred_p_fish		1.29E-06	0.000434317	0.000663677	0.000986508	0.00144392	0.00226214	0.0035474	0.0054678	0.00824302	0.0117975	0.0160136	0.0203381	0.0244009	0.027399	0.0429601	0.0387324	0.0284687	0.0164678	0.00669219	0.00166624	0.000235482	1.86E-05	0	0	0	0
pred_p_fish		1.17E-06	0.000402128	0.000633448	0.000993877	0.00153695	0.00245489	0.00382953	0.00582185	0.00866908	0.0123232	0.0166595	0.0210018	0.0248572	0.0274006	0.0421087	0.0376451	0.027912	0.0163739	0.00672579	0.00168772	0.000240469	1.95E-05	0	0	0	0
pred_p_fish		9.66E-07	0.000337517	0.000544264	0.000892737	0.00146647	0.00246462	0.00399374	0.00619047	0.00922985	0.0130115	0.0174187	0.0217876	0.0255976	0.0279358	0.042202	0.0370437	0.0272812	0.0160684	0.00665265	0.00167977	0.000241314	1.98E-05	0	0	0	0
pred_p_fish		9.23E-07	0.000316565	0.00049966	0.000795882	0.00129725	0.00224312	0.00381025	0.00617464	0.00950683	0.0136267	0.0182955	0.0227692	0.0265124	0.0286596	0.0427144	0.0368499	0.0267781	0.0156916	0.00650354	0.00164857	0.000237327	1.94E-05	0	0	0	0
pred_p_fish		1.04E-06	0.000348602	0.000531928	0.000795407	0.00120721	0.00201766	0.00343232	0.00569842	0.00909916	0.0135161	0.0186509	0.0235739	0.0275763	0.029705	0.0437913	0.0371387	0.0265601	0.0154069	0.00635597	0.00160834	0.000230817	1.86E-05	0	0	0	0
pred_p_fish		1.40E-06	0.000460297	0.000680192	0.000949495	0.00130192	0.00200789	0.00323356	0.005222	0.00833948	0.0126372	0.0179633	0.0233786	0.0279962	0.0305869	0.0452582	0.0380198	0.0267422	0.0152998	0.00625689	0.00157581	0.000224899	1.80E-05	0	0	0	0
pred_p_fish		1.93E-06	0.00063307	0.000927472	0.00126366	0.00163902	0.00234885	0.0034772	0.0052067	0.00789813	0.0116976	0.0166413	0.0220218	0.0270285	0.0302983	0.0459058	0.0390173	0.0273	0.015434	0.00624927	0.0015638	0.00022151	1.76E-05	0	0	0	0
pred_p_fish		1.65E-06	0.000569789	0.000894582	0.00138208	0.00203882	0.0030247	0.0042987	0.00599795	0.00842309	0.0116855	0.0159033	0.0206244	0.0253191	0.028796	0.0448141	0.0391723	0.0277771	0.0156844	0.00630928	0.00156948	0.000221114	1.75E-05	0	0	0	0
pred_p_fish		1.52E-06	0.000523658	0.000824795	0.00129903	0.00203537	0.00328948	0.00506385	0.00733059	0.0101007	0.0132586	0.0168846	0.020672	0.0244091	0.0272524	0.0425366	0.0379782	0.0275429	0.0157354	0.00634633	0.00157742	0.000222531	1.76E-05	0	0	0	0
pred_p_fish		1.59E-06	0.000536931	0.000827887	0.00125824	0.00192611	0.00317004	0.00515019	0.00796416	0.0116224	0.0156518	0.0196503	0.0230326	0.025715	0.027264	0.0408884	0.0360428	0.0264298	0.0153243	0.00623397	0.00155724	0.00022139	1.77E-05	0	0	0	0
pred_p_fish		1.43E-06	0.000488683	0.000765622	0.00119403	0.0018549	0.0030313	0.00491303	0.00776132	0.0118377	0.0167862	0.0219807	0.0262366	0.0289419	0.0295796	0.0418116	0.0349035	0.0250627	0.0145526	0.00596692	0.00150035	0.000214895	1.75E-05	0	0	0	0
pred_p_fish		1.16E-06	0.000402088	0.000642478	0.00103821	0.00168234	0.00281699	0.00461473	0.00732149	0.0112758	0.0163688	0.0222484	0.0276355	0.0314696	0.0325597	0.0451596	0.0357937	0.0244649	0.0138563	0.00564956	0.00142231	0.000204137	1.68E-05	0	0	0	0
pred_p_fish		1.18E-06	0.000398715	0.000616306	0.000944545	0.00147456	0.00249001	0.00418696	0.00678653	0.0105736	0.0154825	0.0213282	0.0271022	0.0317917	0.0339186	0.0481259	0.0379105	0.0249539	0.0135939	0.00541842	0.00135255	0.000192421	1.56E-05	0	0	0	0
pred_p_fish		1.10E-06	0.000374083	0.000583427	0.00090313	0.00139906	0.00230479	0.00380619	0.00617725	0.00975804	0.0145076	0.0202276	0.0259955	0.0309316	0.0336849	0.0491709	0.0396099	0.0259666	0.0137903	0.00535473	0.00131578	0.000184488	1.44E-05	0	0	0	0
pred_p_fish		8.11E-07	0.000286548	0.000468001	0.000782601	0.00130363	0.00220098	0.00361587	0.00579248	0.00906995	0.0135049	0.0190233	0.0247613	0.0298694	0.0329831	0.049173	0.0406227	0.0270151	0.0142868	0.00546311	0.0013259	0.000184179	1.41E-05	0	0	0	0
pred_p_fish		7.91E-07	0.000270961	0.00042717	0.000680664	0.00111802	0.00195486	0.00335851	0.00551299	0.00865729	0.0128138	0.0179796	0.0234692	0.0285784	0.0319853	0.048624	0.0411631	0.0279295	0.0149069	0.00569439	0.00137893	0.000192259	1.50E-05	0	0	0	0
pred_p_fish		8.48E-07	0.000286453	0.000441634	0.000672745	0.0010418	0.00176121	0.00301933	0.00505829	0.00815721	0.0122858	0.017323	0.0225854	0.0274736	0.0308837	0.0475758	0.0412042	0.0286181	0.0155118	0.00597135	0.00145366	0.000204451	1.63E-05	0	0	0	0
pred_p_fish		8.23E-07	0.000281251	0.000438587	0.000678883	0.00104952	0.00172095	0.0028387	0.00464772	0.00748975	0.0114487	0.0164558	0.0217578	0.0266616	0.0300664	0.0465902	0.0409492	0.029059	0.0160479	0.00625775	0.00153693	0.000218842	1.78E-05	0	0	0	0
pred_p_fish		9.84E-07	0.000329594	0.0004999	0.000736361	0.00108509	0.00174608	0.00283848	0.00453583	0.00712111	0.0107198	0.0154083	0.0205876	0.0256011	0.0292327	0.0457963	0.0407276	0.0293512	0.0164912	0.00652091	0.00161873	0.00023353	1.91E-05	0	0	0	0
pred_p_fish		1.26E-06	0.000418719	0.000625507	0.00089024	0.00124018	0.00190059	0.00297378	0.00462101	0.00709092	0.0104434	0.014723	0.0194723	0.024214	0.0278993	0.0444057	0.0402498	0.0295324	0.0168758	0.00676348	0.00169603	0.000246558	2.03E-05	0	0	0	0
pred_p_fish		1.39E-06	0.000467918	0.000712218	0.00104711	0.00149277	0.00225225	0.00338007	0.00502253	0.00742884	0.0106379	0.0146532	0.0189988	0.0232748	0.0266192	0.0425146	0.0391325	0.0293242	0.0170823	0.00694538	0.0017548	0.000256042	2.11E-05	0	0	0	0
pred_p_fish		1.82E-06	0.000603275	0.000898545	0.0012712	0.00175157	0.00263337	0.00396584	0.00581386	0.00833719	0.0115035	0.0153121	0.0192971	0.0231118	0.0259441	0.0408839	0.0375926	0.0285413	0.0169354	0.00698891	0.00177914	0.000260416	2.15E-05	0	0	0	0
pred_p_fish		1.22E-06	0.000437241	0.000725474	0.00122674	0.00198999	0.00314317	0.00469416	0.00679737	0.00965584	0.0131014	0.0169549	0.0206657	0.023933	0.0260825	0.0399395	0.0360272	0.0273194	0.0163959	0.00684923	0.00175506	0.000256973	2.12E-05	0	0	0	0
pred_p_fish		1.11E-06	0.000384642	0.000616778	0.00101357	0.00171049	0.00298853	0.00496261	0.00765864	0.0110822	0.0149828	0.0191603	0.0229193	0.0258448	0.0272765	0.0401259	0.0348631	0.025963	0.0155741	0.00654465	0.00168005	0.000244709	2.01E-05	0	0	0	0
pred_p_fish		9.90E-07	0.000341056	0.000542643	0.000874959	0.00144872	0.00254716	0.0044326	0.00735009	0.0114587	0.0163084	0.0213419	0.0255859	0.0285408	0.0295008	0.0418581	0.0346656	0.0248662	0.014672	0.00614437	0.00157083	0.000226824	1.84E-05	0	0	0	0
pred_p_fish		1.02E-06	0.000344172	0.000532156	0.000818027	0.00128381	0.00219353	0.00379769	0.00642889	0.0104726	0.0157921	0.0218728	0.0273493	0.0311654	0.032314	0.0450104	0.0357719	0.0244755	0.0139818	0.00576456	0.00145931	0.000207981	1.66E-05	0	0	0	0
pred_p_fish		1.02E-06	0.000346316	0.000533665	0.000808688	0.00122943	0.00201398	0.00335478	0.00554811	0.00904269	0.0139537	0.0201498	0.026459	0.0316434	0.0340641	0.0485171	0.0382497	0.0252489	0.0138746	0.00557667	0.00138964	0.000194705	1.53E-05	0	0	0	0
pred_p_fish		9.22E-07	0.000317084	0.000498569	0.000781671	0.00121853	0.00198893	0.00321421	0.0051289	0.00809663	0.0122983	0.0178288	0.023958	0.0297098	0.0333927	0.0499172	0.0407387	0.0268298	0.0143571	0.00561456	0.00137442	0.000189573	1.47E-05	0	0	0	0
pred_p_fish		6.65E-07	0.00023709	0.000392433	0.000670228	0.00114056	0.00194754	0.00320122	0.00508018	0.00783377	0.0115565	0.0163596	0.0217539	0.0271366	0.0311853	0.0485941	0.0416614	0.0282818	0.0151538	0.005849	0.0014157	0.000194455	1.49E-05	0	0	0	0
pred_p_fish		6.52E-07	0.000223973	0.000355714	0.000575804	0.00096773	0.00172687	0.00301319	0.00498873	0.00782604	0.0114906	0.0159744	0.0207937	0.0255542	0.029244	0.0463294	0.0412532	0.029128	0.0159594	0.00618818	0.00149994	0.000207621	1.60E-05	0	0	0	0
pred_p_fish		4.80E-07	0.000170946	0.000284027	0.000490213	0.000857228	0.00153161	0.00269518	0.00459911	0.00751213	0.0113798	0.0160323	0.020801	0.0252141	0.0284291	0.0446612	0.040252	0.0292626	0.0164907	0.00651111	0.00159802	0.000225954	1.82E-05	0	0	0	0
pred_p_fish		4.80E-07	0.000164911	0.000261802	0.000424995	0.000721669	0.00131057	0.00236584	0.00411444	0.00685695	0.0106774	0.0155131	0.0206085	0.025269	0.0284762	0.0443479	0.0398277	0.029319	0.016854	0.00677682	0.00168935	0.000243033	2.00E-05	0	0	0	0
pred_p_fish		6.60E-07	0.000218583	0.000326839	0.000470643	0.000692254	0.00116481	0.00205558	0.00358792	0.006073	0.00963866	0.0143198	0.0195054	0.0245139	0.0281595	0.0443441	0.0399394	0.0295396	0.0171716	0.00699926	0.00176564	0.000256884	2.16E-05	0	0	0	0
pred_p_fish		8.60E-07	0.000285746	0.000426412	0.000605029	0.000835755	0.00127341	0.00202384	0.00329739	0.00542355	0.00859879	0.0129287	0.0179295	0.0230015	0.0270215	0.043602	0.0400436	0.0299602	0.0175847	0.00723085	0.00183657	0.000268432	2.21E-05	0	0	0	0
pred_p_fish		9.52E-07	0.000321884	0.000492289	0.000729742	0.00104831	0.00158087	0.00236447	0.00353032	0.00534181	0.008007	0.0117453	0.0162498	0.0210926	0.0252361	0.0418275	0.0395463	0.0302838	0.0180724	0.0075019	0.00191459	0.000279441	2.28E-05	0	0	0	0
pred_p_fish		8.27E-07	0.000289052	0.000464036	0.000750223	0.00118891	0.0019015	0.00290313	0.00426578	0.00612239	0.00853199	0.0116721	0.0153953	0.0195424	0.0233261	0.0392778	0.0382144	0.030127	0.0184099	0.00775208	0.00198644	0.000289463	2.36E-05	0	0	0	0
pred_p_fish		7.62E-07	0.000265476	0.000427783	0.000703571	0.00117038	0.00200301	0.00328664	0.00508474	0.00743497	0.0101807	0.0132609	0.0164072	0.0195815	0.0223632	0.0367963	0.0360122	0.0291055	0.0182636	0.0078359	0.0020212	0.000294414	2.41E-05	0	0	0	0
pred_p_fish		9.13E-07	0.000307078	0.000470819	0.00071262	0.00110683	0.00188955	0.00323732	0.0053071	0.00822086	0.0117221	0.0154814	0.0188526	0.0215957	0.0233452	0.0361587	0.0341002	0.0275963	0.0176549	0.00770926	0.00200128	0.000291032	2.38E-05	0	0	0	0
pred_p_fish		1.01E-06	0.000341891	0.000523293	0.000782685	0.00116695	0.00188648	0.00311193	0.00509429	0.00814474	0.0121623	0.0167989	0.0210871	0.0243402	0.0258433	0.0380257	0.0335877	0.0262229	0.0167521	0.00738747	0.00192336	0.000278768	2.29E-05	0	0	0	0
pred_p_fish		1.47E-06	0.000484309	0.00071257	0.000985817	0.00133414	0.00202966	0.00320126	0.00503461	0.00785985	0.0117653	0.0166647	0.0216662	0.0258529	0.0280223	0.0410108	0.0346789	0.0256668	0.0159505	0.00698949	0.00181089	0.000259333	2.09E-05	0	0	0	0
pred_p_fish		7.57E-07	0.000284964	0.000498031	0.000901914	0.00153237	0.00243876	0.00363942	0.00536083	0.00795161	0.0115043	0.0160434	0.0209549	0.0255178	0.0284383	0.0427558	0.0362314	0.0259768	0.0155885	0.00669449	0.0017102	0.000240244	1.90E-05	0	0	0	0
pred_p_fish		9.89E-07	0.000331367	0.000508865	0.000782962	0.00127228	0.00225864	0.00385379	0.00604987	0.00885506	0.0122401	0.016319	0.0206751	0.0248485	0.0277854	0.0425804	0.0368254	0.026342	0.0154792	0.00651432	0.0016376	0.000226266	1.74E-05	0	0	0	0
pred_p_fish		1.06E-06	0.000356393	0.000547626	0.000823982	0.00124742	0.00206902	0.00351665	0.00584163	0.00922781	0.0133276	0.0177489	0.0218566	0.0253998	0.0276897	0.0419981	0.0365538	0.0263425	0.0153971	0.0063985	0.00159357	0.000218836	1.67E-05	0	0	0	0
pred_p_fish		1.09E-06	0.000369227	0.000568261	0.000859961	0.00129167	0.00207382	0.0033589	0.00542319	0.0086462	0.0130291	0.0182401	0.0231868	0.0270463	0.0290045	0.0427799	0.036511	0.026197	0.0152761	0.00631911	0.00157051	0.000216613	1.69E-05	0	0	0	0
pred_p_fish		6.62E-07	0.000242003	0.000412454	0.000730194	0.00126291	0.00212413	0.00341339	0.00533961	0.00824814	0.0122557	0.0173859	0.0227932	0.0275589	0.0302655	0.0448127	0.0375805	0.0264359	0.0152143	0.00625825	0.00155632	0.000216459	1.73E-05	0	0	0	0
